,Raw,P5(l<1000),P5(l<1000)+P5(l<500)
350.0,0.9215365236549973,0.8639728916918405,0.8325799072151587
351.0,0.8742713398677284,0.8650629422582179,0.8349893500524155
352.0,0.9221601215448848,0.8661453987860781,0.8373435116744232
353.0,0.8791609734368985,0.8672202998847538,0.8396437607410803
354.0,0.8431283779475603,0.8682876840465021,0.841891440031278
355.0,0.8447057596539229,0.8693475896466487,0.8440878667012419
356.0,0.8651985601020381,0.8704000549437301,0.846234332543006
357.0,0.9057768693153114,0.8714451180796376,0.8483321042426968
358.0,0.8991238639670449,0.8724828170797616,0.8503824236389315
359.0,0.8534069900543081,0.8735131898531325,0.8523865079813409
360.0,0.8670727215101165,0.8745362741925662,0.8543455501887907
361.0,0.8700578138931351,0.8755521077748056,0.8562607191078981
362.0,0.8525910979573831,0.876560728160666,0.858133159771445
363.0,0.8304246082876042,0.8775621727951761,0.8599639936565455
364.0,0.8787385953023716,0.8785564790077232,0.8617543189432937
365.0,0.8661809688633683,0.8795436840121953,0.8635052107730745
366.0,0.830967970512193,0.8805238249071248,0.8652177215069468
367.0,0.8680854231147773,0.8814969386758318,0.8668928809839624
368.0,0.912099396259664,0.8824630621865674,0.8685316967796561
369.0,0.9116335838351565,0.8834222321926573,0.8701351544644493
370.0,0.8821098029017602,0.8843744853326445,0.8717042178619483
371.0,0.908154596463055,0.8853198581304322,0.8732398293074464
372.0,0.8899846343788063,0.8862583869954288,0.874742909906217
373.0,0.8638814201465632,0.8871901082226898,0.8762143597918737
374.0,0.8683102589906823,0.888115057993061,0.8776550583850584
375.0,0.8911306976654377,0.889033272373323,0.8790658646513569
376.0,0.8923188941053523,0.8899447873163331,0.880447617360071
377.0,0.8841197283851666,0.8908496386611695,0.8818011353425241
378.0,0.8893156721545369,0.8917478621332744,0.8831272177503802
379.0,0.8845963758802305,0.8926394933445967,0.8844266443139763
380.0,0.8865857765992246,0.8935245677937365,0.8857001756009699
381.0,0.8918090407155663,0.8944031208660874,0.8869485532744079
382.0,0.8814178490487866,0.8952751878339802,0.8881725003514438
383.0,0.8829511083277191,0.8961408038568257,0.8893727214614648
384.0,0.8929985292699943,0.8970000039812591,0.8905499031045396
385.0,0.901446087556889,0.8978528231412817,0.8917047139100269
386.0,0.8934331321231039,0.8986992961584055,0.8928378048946546
387.0,0.9004255807012668,0.8995394577417966,0.8939498097210941
388.0,0.9063949302546527,0.9003733424884173,0.895041344956307
389.0,0.8927991238064442,0.9012009848831697,0.8961130103300137
390.0,0.8959900953406076,0.9020224192990409,0.8971653889928999
391.0,0.8976563886609357,0.9028376799972431,0.8981990477752031
392.0,0.8984600319382211,0.9036468011273591,0.8992145374450267
393.0,0.9098763622047406,0.9044498167274853,0.900212392966715
394.0,0.9069170000542558,0.9052467607243742,0.9011931337592713
395.0,0.9000660344484913,0.9060376669335797,0.9021572639547359
396.0,0.899189793914241,0.9068225690595959,0.9031052726565356
397.0,0.9063873022453317,0.907601500696007,0.9040376341980227
398.0,0.9120246219265704,0.9083744953256245,0.904954808400696
399.0,0.9165384475077007,0.9091415863206342,0.9058572408326646
400.0,0.9206284755297601,0.9099028069427373,0.906745363067186
401.0,0.9196893008405553,0.9106581903432964,0.9076195929406321
402.0,0.9179467432214604,0.9114077695634746,0.9084803348114361
403.0,0.9156330919855493,0.9121515775343836,0.9093279798180403
404.0,0.9115238345160696,0.9128896470772234,0.9101629061375733
405.0,0.9185554991009972,0.9136220109034277,0.9109854792440579
406.0,0.9197957142504178,0.9143487016148046,0.9117960521668482
407.0,0.9100425265915102,0.9150697517036848,0.9125949657491377
408.0,0.9038517725810107,0.9157851935530588,0.9133825489061949
409.0,0.9155911868737081,0.9164950594367243,0.9141591188838492
410.0,0.9231021732220771,0.9171993815194284,0.9149249815169653
411.0,0.9107794872145254,0.9178981918570102,0.9156804314874136
412.0,0.9155184147268115,0.9185915223965462,0.9164257525830659
413.0,0.9161910538295318,0.919279404976491,0.9171612179558348
414.0,0.9165031224849681,0.919961871326821,0.9178870903800644
415.0,0.9293631396785972,0.9206389530691808,0.9186036225110512
416.0,0.923403205137882,0.9213106817170207,0.9193110571433145
417.0,0.9174907650465686,0.921977088675747,0.9200096274690435
418.0,0.9212926526427486,0.922638205242859,0.9206995573365304
419.0,0.9241014029055238,0.9232940626080965,0.9213810615085583
420.0,0.9287826567160063,0.923944691853581,0.9220543459206672
421.0,0.9313442053904251,0.92459012395396,0.9227196079396955
422.0,0.9287615523024942,0.9252303897765486,0.9233770366221321
423.0,0.9230255987222358,0.925865520081476,0.9240268129723819
424.0,0.9238902734023323,0.9264955455218256,0.924669110201465
425.0,0.9292374100466999,0.9271204966437796,0.9253040939849757
426.0,0.9307027000901846,0.9277404038867627,0.925931922721912
427.0,0.9275579840312981,0.9283552975835845,0.9265527477926396
428.0,0.9264604650894454,0.9289652079605839,0.9271667138178226
429.0,0.9292057376704984,0.9295701651377708,0.927773958916229
430.0,0.9303932292942358,0.9301701991289713,0.9283746149635499
431.0,0.9329509252122826,0.9307653398419697,0.9289688078506027
432.0,0.9350019980113002,0.9313556170786519,0.9295566577416856
433.0,0.9346845782737582,0.9319410605351481,0.9301382793331245
434.0,0.9332483631295131,0.9325216998019792,0.930713782111537
435.0,0.9344609696798821,0.933097564364195,0.9312832706123602
436.0,0.9368247637929477,0.9336686836015229,0.9318468446780539
437.0,0.9364352145717835,0.9342350867885072,0.9324045997166932
438.0,0.9386457230185513,0.9347968030946536,0.932956626960139
439.0,0.9388993579027824,0.9353538615845729,0.9335030137226206
440.0,0.9366576556859096,0.9359062912181251,0.934043843659105
441.0,0.9385220397741639,0.9364541208505599,0.9345791970235069
442.0,0.9395896213614318,0.9369973792326636,0.9351091509274088
443.0,0.9388980912923454,0.9375360950108986,0.9356337795980709
444.0,0.937296600722693,0.9380702967275503,0.9361531546371729
445.0,0.9383736399203535,0.9386000128208685,0.9366673452789818
446.0,0.9384033298518327,0.9391252716252099,0.9371764186487626
447.0,0.9391743656927531,0.9396461013711832,0.9376804400212126
448.0,0.9448812890370065,0.9401625301857917,0.9381794730790216
449.0,0.9429670221388138,0.9406745860925765,0.9386735801709631
450.0,0.9408929667503356,0.9411822970117596,0.9391628225704123
451.0,0.9427950632769913,0.941685690760387,0.9396472607338564
452.0,0.9427996200355867,0.9421847950524738,0.9401269545590099
453.0,0.9429723332340677,0.9426796374991442,0.94060196364362
454.0,0.9438840216694461,0.9431702456087794,0.9410723475433715
455.0,0.9454933110124594,0.9436566467871541,0.9415381660307884
456.0,0.947088416924915,0.9441388683375884,0.9419994793530642
457.0,0.947475962383916,0.9446169374610829,0.9424563484909267
458.0,0.9463673802602707,0.9450908812564687,0.9429088354169077
459.0,0.9445255211394616,0.9455607267205455,0.943357003353535
460.0,0.946637943015425,0.9460265007482267,0.9438009170318953
461.0,0.9488007503972,0.9464882301326862,0.9442406429502834
462.0,0.9483159165684296,0.946945941565495,0.9446762496317971
463.0,0.9480924025742068,0.9473996616367699,0.9451078078836701
464.0,0.9486175076623207,0.9478494168353147,0.9455353910552058
465.0,0.9492203514496974,0.9482952335487635,0.9459590752959468
466.0,0.9490230135655968,0.9487371380637246,0.9463789398145626
467.0,0.949202155965676,0.9491751565659226,0.9467950671369405
468.0,0.9509488994266604,0.9496093151403435,0.9472075433645919
469.0,0.9527010054401677,0.9500396397713764,0.9476164584332103
470.0,0.950347245385201,0.9504661563429577,0.9480219063707862
471.0,0.9499709353778394,0.9508888906387138,0.9484239855563015
472.0,0.9508933873575746,0.9513078683421055,0.9488227989779359
473.0,0.9515979343695639,0.9517231150365684,0.9492184544914333
474.0,0.9523141035218693,0.9521346562056625,0.949611065078739
475.0,0.9535281114902127,0.9525425172332049,0.9500007491060174
476.0,0.9543936458961085,0.9529467234034261,0.9503876305823813
477.0,0.9538381265590516,0.9533472999011026,0.9507718394180587
478.0,0.9544288866427943,0.9537442718117057,0.9511535116830439
479.0,0.9545433144786235,0.9541376641215422,0.9515327898650583
480.0,0.9538815933382143,0.9545275017179002,0.95190982312837
481.0,0.9544488047506124,0.9549138093891907,0.9522847675720252
482.0,0.954997497608596,0.9552966118250907,0.9526577864882455
483.0,0.9557139101991728,0.9556759336166873,0.9530290506206196
484.0,0.9567668566114634,0.9560517992566213,0.9533987384230622
485.0,0.9568171128784572,0.9564242331392288,0.9537670363174777
486.0,0.9570814068184776,0.9567932595606872,0.9541341389525793
487.0,0.9577299124210763,0.9571589027191543,0.9545002494623596
488.0,0.958221811664644,0.9575211867149176,0.954865579724189
489.0,0.9590174126632299,0.9578801355505322,0.95523035061742
490.0,0.9597333250915177,0.9582357731309656,0.9555947922815804
491.0,0.9600527394449749,0.9585881232637425,0.9559591443751407
492.0,0.9599394966358222,0.9589372096590874,0.956323656333357
493.0,0.9604647589822084,0.959283055930066,0.9566885876272986
494.0,0.960845755596402,0.9596256855927319,0.9570542080215372
495.0,0.9602026949452376,0.959965122066267,0.9574207978332672
496.0,0.9605314035690953,0.9603013886731266,0.9577886481900781
497.0,0.9605847666086341,0.9606345086391805,0.9581580612886704
498.0,0.9606831526203057,0.9609645050938596,0.9585293506532266
499.0,0.9625254008153236,0.9612914010702958,0.9589028413938769
500.0,0.9623194086947038,0.9616152195054686,0.9592788704648219
501.0,0.9621106910814882,0.9619359832403445,0.9596577869227614
502.0,0.9632465300738584,0.9622537150200241,0.9600399521856442
503.0,0.9623885168596109,0.9625684374938823,0.9604257402908554
504.0,0.9622490575159799,0.9628801732157144,0.960815538153311
505.0,0.9636085585170157,0.9631889446438777,0.961209745824209
506.0,0.9658135178667755,0.9634947741414346,0.9616087767495467
507.0,0.9650521843265983,0.9637976839762963,0.9620130580279642
508.0,0.9645044864051556,0.964097696321367,0.9624230306696826
509.0,0.9654543554552603,0.9643948332546859,0.962839149854587
510.0,0.9659707307534228,0.9646891167595701,0.9632618851907726
511.0,0.9652946608537872,0.9649805687247612,0.9636917209728315
512.0,0.964219893312215,0.9652692109445642,0.9641291564403023
513.0,0.9637664134018535,0.9655550651189926,0.9645747060360192
514.0,0.9640351614156611,0.9658381528539126,0.9650288996645957
515.0,0.9647127217226115,0.9661184956611861,0.9654922829506787
516.0,0.9654110091201072,0.9663961149588125,0.9659654174974583
517.0,0.9658061701470408,0.9666710320710741,0.9664488811450105
518.0,0.9665381281414549,0.9669432682286774,0.9669432682286774
519.0,0.9671836865139685,0.9672128445688974,0.9672128445688974
520.0,0.9676218708402604,0.9674797821357219,0.9674797821357219
521.0,0.9686712647427089,0.9677441018799926,0.9677441018799926
522.0,0.9682658084301462,0.9680058246595491,0.9680058246595491
523.0,0.9671642215600382,0.9682649712393747,0.9682649712393747
524.0,0.966922375212488,0.9685215622917365,0.9685215622917365
525.0,0.9676730573352899,0.9687756183963283,0.9687756183963283
526.0,0.9685378022862134,0.969027160040417,0.969027160040417
527.0,0.9692497563111403,0.9692762076189849,0.9692762076189849
528.0,0.9701899948570711,0.9695227814348706,0.9695227814348706
529.0,0.9699630767357836,0.9697669016989148,0.9697669016989148
530.0,0.9698144768889606,0.9700085885301033,0.9700085885301033
531.0,0.970653650026681,0.9702478619557113,0.9702478619557113
532.0,0.9711204651183387,0.9704847419114402,0.9704847419114402
533.0,0.970807729358956,0.9707192482415725,0.9707192482415725
534.0,0.9702494608420001,0.9709514006991029,0.9709514006991029
535.0,0.9703816615893266,0.9711812189458908,0.9711812189458908
536.0,0.9707753791652116,0.9714087225528001,0.9714087225528001
537.0,0.9710079041619579,0.9716339309998392,0.9716339309998392
538.0,0.9711174321634384,0.971856863676311,0.971856863676311
539.0,0.9718372321932867,0.97207753988095,0.97207753988095
540.0,0.9726295542586756,0.9722959788220715,0.9722959788220715
541.0,0.9727406581071142,0.9725121996177082,0.9725121996177082
542.0,0.9719616948322194,0.9727262212957595,0.9727262212957595
543.0,0.9725083412010493,0.9729380627941318,0.9729380627941318
544.0,0.9725064383934355,0.9731477429608808,0.9731477429608808
545.0,0.9719673319622919,0.9733552805543582,0.9733552805543582
546.0,0.9724152899999463,0.9735606942433526,0.9735606942433526
547.0,0.9728317328230374,0.9737640026072325,0.9737640026072325
548.0,0.9734757218472397,0.973965224136091,0.973965224136091
549.0,0.9743867934595953,0.9741643772308879,0.9741643772308879
550.0,0.9746766808954883,0.9743614802035951,0.9743614802035951
551.0,0.9744888876282153,0.9745565512773366,0.9745565512773366
552.0,0.9744322126540896,0.9747496085865344,0.9747496085865344
553.0,0.9750642540547808,0.97494067017705,0.97494067017705
554.0,0.9751074647194321,0.9751297540063304,0.9751297540063304
555.0,0.9751930252366268,0.9753168779435486,0.9753168779435486
556.0,0.9755957419241196,0.9755020597697472,0.9755020597697472
557.0,0.9759525715508237,0.9756853171779836,0.9756853171779836
558.0,0.9765165428860187,0.9758666677734724,0.9758666677734724
559.0,0.9766404362574022,0.9760461290737266,0.9760461290737266
560.0,0.9759912675236129,0.9762237185087042,0.9762237185087042
561.0,0.9761455104447675,0.9763994534209499,0.9763994534209499
562.0,0.9758831696637789,0.976573351065738,0.976573351065738
563.0,0.9756799248290495,0.9767454286112158,0.9767454286112158
564.0,0.9769570650159096,0.9769157031385487,0.9769157031385487
565.0,0.9768536244517055,0.9770841916420614,0.9770841916420614
566.0,0.9767143863301405,0.9772509110293806,0.9772509110293806
567.0,0.977400422557255,0.977415878121582,0.977415878121582
568.0,0.9775344933583009,0.9775791096533293,0.9775791096533293
569.0,0.9774202902003463,0.97774062227302,0.97774062227302
570.0,0.9773961231719669,0.9779004325429279,0.9779004325429279
571.0,0.9777425287709439,0.9780585569393472,0.9780585569393472
572.0,0.9781255620377961,0.9782150118527331,0.9782150118527331
573.0,0.9782429177555415,0.9783698135878496,0.9783698135878496
574.0,0.9781789363056068,0.9785229783639093,0.9785229783639093
575.0,0.9784314551689836,0.9786745223147166,0.9786745223147166
576.0,0.9788517406012507,0.9788244614888155,0.9788244614888155
577.0,0.9791022308465427,0.9789728118496253,0.9789728118496253
578.0,0.979031219628893,0.9791195892755913,0.9791195892755913
579.0,0.9792410993006065,0.9792648095603229,0.9792648095603229
580.0,0.9792787917691322,0.9794084884127396,0.9794084884127396
581.0,0.9792449248425269,0.9795506414572139,0.9795506414572139
582.0,0.9795262896466728,0.9796912842337138,0.9796912842337138
583.0,0.979581534576314,0.9798304321979476,0.9798304321979476
584.0,0.9796551862546443,0.9799681007215042,0.9799681007215042
585.0,0.9798905295195451,0.9801043050920004,0.9801043050920004
586.0,0.980065342272075,0.9802390605132212,0.9802390605132212
587.0,0.9801489557721449,0.9803723821052646,0.9803723821052646
588.0,0.9803147605498069,0.9805042849046814,0.9805042849046814
589.0,0.9807288059870369,0.9806347838646272,0.9806347838646272
590.0,0.9811206940047238,0.9807638938549954,0.9807638938549954
591.0,0.9814653397846969,0.9808916296625658,0.9808916296625658
592.0,0.9815550625415708,0.9810180059911482,0.9810180059911482
593.0,0.9810417681002263,0.9811430374617245,0.9811430374617245
594.0,0.9810839972715012,0.9812667386125908,0.9812667386125908
595.0,0.9815241523638615,0.9813891238995036,0.9813891238995036
596.0,0.9818948355252585,0.9815102076958202,0.9815102076958202
597.0,0.9816692760412281,0.9816300042926438,0.9816300042926438
598.0,0.9816060519882451,0.9817485278989673,0.9817485278989673
599.0,0.9817386843446866,0.9818657926418133,0.9818657926418133
600.0,0.9817461020018565,0.9819818125663815,0.9819818125663815
601.0,0.9819129218399452,0.9820966016361912,0.9820966016361912
602.0,0.9818790141963457,0.9822101737332218,0.9822101737332218
603.0,0.9816766136628288,0.982322542658056,0.982322542658056
604.0,0.982070025283689,0.9824337221300288,0.9824337221300288
605.0,0.9823217646095637,0.9825437257873655,0.9825437257873655
606.0,0.9823299371867312,0.9826525671873254,0.9826525671873254
607.0,0.982251360641626,0.9827602598063472,0.9827602598063472
608.0,0.9824323814603186,0.9828668170401915,0.9828668170401915
609.0,0.9826644418892009,0.9829722522040836,0.9829722522040836
610.0,0.9828371294238123,0.9830765785328544,0.9830765785328544
611.0,0.9829370963752738,0.9831798091810926,0.9831798091810926
612.0,0.982658915879022,0.9832819572232745,0.9832819572232745
613.0,0.9825855908526548,0.9833830356539188,0.9833830356539188
614.0,0.9830218335449816,0.983483057387726,0.983483057387726
615.0,0.983211845709823,0.9835820352597182,0.9835820352597182
616.0,0.9832324834665997,0.9836799820253872,0.9836799820253872
617.0,0.9832041511637518,0.9837769103608376,0.9837769103608376
618.0,0.9832875180956476,0.9838728328629265,0.9838728328629265
619.0,0.9835853135151554,0.9839677620494081,0.9839677620494081
620.0,0.9837805937070867,0.9840617103590803,0.9840617103590803
621.0,0.9837343509566604,0.9841546901519254,0.9841546901519254
622.0,0.9835992805919345,0.9842467137092505,0.9842467137092505
623.0,0.9837054579145843,0.9843377932338364,0.9843377932338364
624.0,0.984079788952132,0.9844279408500776,0.9844279408500776
625.0,0.9845377242686464,0.9845171686041254,0.9845171686041254
626.0,0.9845302997164502,0.9846054884640336,0.9846054884640336
627.0,0.9844246484415105,0.9846929123198984,0.9846929123198984
628.0,0.9843787470952081,0.9847794519840063,0.9847794519840063
629.0,0.9843789311352884,0.9848651191909703,0.9848651191909703
630.0,0.984605868036047,0.9849499255978831,0.9849499255978831
631.0,0.9847527300810228,0.985033882784448,0.985033882784448
632.0,0.9846785609986066,0.9851170022531368,0.9851170022531368
633.0,0.9847813608948576,0.9851992954293183,0.9851992954293183
634.0,0.9847873402239962,0.9852807736614126,0.9852807736614126
635.0,0.9848538461261114,0.9853614482210282,0.9853614482210282
636.0,0.9851887126289147,0.9854413303031113,0.9854413303031113
637.0,0.9852423659073168,0.9855204310260797,0.9855204310260797
638.0,0.9852522435355323,0.9855987614319766,0.9855987614319766
639.0,0.9852926489090218,0.9856763324866058,0.9856763324866058
640.0,0.9851845358953659,0.9857531550796792,0.9857531550796792
641.0,0.9854924755106024,0.9858292400249609,0.9858292400249609
642.0,0.9857865692294322,0.9859045980604038,0.9859045980604038
643.0,0.985641786659416,0.985979239848304,0.985979239848304
644.0,0.9853907930984438,0.9860531759754327,0.9860531759754327
645.0,0.9855167897896709,0.9861264169531869,0.9861264169531869
646.0,0.9859713352335373,0.9861989732177303,0.9861989732177303
647.0,0.9863346272700853,0.9862708551301373,0.9862708551301373
648.0,0.986306827498491,0.9863420729765333,0.9863420729765333
649.0,0.9861721696666781,0.9864126369682433,0.9864126369682433
650.0,0.9861404228168039,0.9864825572419311,0.9864825572419311
651.0,0.9861426357094034,0.9865518438597431,0.9865518438597431
652.0,0.986106539346883,0.9866205068094529,0.9866205068094529
653.0,0.9862166150394804,0.9866885560046055,0.9866885560046055
654.0,0.9866071767264938,0.9867560012846555,0.9867560012846555
655.0,0.9868045514222861,0.9868228524151181,0.9868228524151181
656.0,0.9866664547416305,0.9868891190877065,0.9868891190877065
657.0,0.9864168671106188,0.9869548109204738,0.9869548109204738
658.0,0.9865575852323785,0.987019937457964,0.987019937457964
659.0,0.9862750076842742,0.9870845081713497,0.9870845081713497
660.0,0.9861909317933444,0.987148532458576,0.987148532458576
661.0,0.9867072583541566,0.987212019644504,0.987212019644504
662.0,0.9869938983264578,0.9872749789810542,0.9872749789810542
663.0,0.9871920669366174,0.9873374196473497,0.9873374196473497
664.0,0.9873053060243419,0.9873993507498604,0.9873993507498604
665.0,0.9873504317512041,0.9874607813225462,0.9874607813225462
666.0,0.9878001162751568,0.9875217203269993,0.9875217203269993
667.0,0.9878150913548034,0.9875821766525856,0.9875821766525856
668.0,0.9872420553340695,0.9876421591165945,0.9876421591165945
669.0,0.9869701132108272,0.9877016764643738,0.9877016764643738
670.0,0.9874316322527369,0.987760737369481,0.987760737369481
671.0,0.9881058285942069,0.9878193504338197,0.9878193504338197
672.0,0.9883587767384501,0.9878775241877882,0.9878775241877882
673.0,0.9881757208881875,0.9879352670904187,0.9879352670904187
674.0,0.9884043492681259,0.9879925875295237,0.9879925875295237
675.0,0.9887438481987972,0.9880494938218385,0.9880494938218385
676.0,0.9882297929700917,0.9881059942131614,0.9881059942131614
677.0,0.988028390467486,0.988162096878503,0.988162096878503
678.0,0.9881441520682543,0.9882178099222254,0.9882178099222254
679.0,0.9883858174873258,0.988273141378184,0.988273141378184
680.0,0.9885523883835535,0.9883280992098753,0.9883280992098753
681.0,0.9883281610961676,0.9883826913105773,0.9883826913105773
682.0,0.9879978424391468,0.9884369255034935,0.9884369255034935
683.0,0.9879803439059158,0.9884908095418947,0.9884908095418947
684.0,0.9881742801418167,0.9885443511092666,0.9885443511092666
685.0,0.9882409965349044,0.9885975578194475,0.9885975578194475
686.0,0.9880906196830402,0.9886504372167761,0.9886504372167761
687.0,0.9879042073222438,0.988702996776232,0.988702996776232
688.0,0.9881546671468224,0.98875524390358,0.98875524390358
689.0,0.9885109047936252,0.9888071859355145,0.9888071859355145
690.0,0.9885630884402464,0.9888588301397998,0.9888588301397998
691.0,0.9880439079879446,0.9889101837154166,0.9889101837154166
692.0,0.9878993382739518,0.9889612537927044,0.9889612537927044
693.0,0.9881178998343516,0.9890120474335025,0.9890120474335025
694.0,0.9882852310144417,0.9890625716312971,0.9890625716312971
695.0,0.9886588046130949,0.9891128333113619,0.9891128333113619
696.0,0.9888789989042265,0.9891628393309011,0.9891628393309011
697.0,0.9888943063677891,0.9892125964791965,0.9892125964791965
698.0,0.9890823993695727,0.9892621114777445,0.9892621114777445
699.0,0.9889467129480392,0.9893113909804057,0.9893113909804057
700.0,0.9888087112392188,0.9893604415735444,0.9893604415735444
701.0,0.9890387083869748,0.9894092697761729,0.9894092697761729
702.0,0.9895708834299801,0.989457882040095,0.989457882040095
703.0,0.9897383199000063,0.9895062847500484,0.9895062847500484
704.0,0.9895971803551685,0.9895544842238495,0.9895544842238495
705.0,0.9896170081389971,0.9896024867125359,0.9896024867125359
706.0,0.989551108688087,0.9896502984005091,0.9896502984005091
707.0,0.9895219896497386,0.9896979254056804,0.9896979254056804
708.0,0.9895955203159239,0.9897453737796083,0.9897453737796083
709.0,0.9896903146810921,0.989792649507649,0.989792649507649
710.0,0.9898448778560845,0.9898397585090939,0.9898397585090939
711.0,0.9899102793472876,0.98988670663732,0.98988670663732
712.0,0.9898610138216184,0.9899334996799216,0.9899334996799216
713.0,0.9904405683877262,0.9899801433588669,0.9899801433588669
714.0,0.9905027237027495,0.9900266433306304,0.9900266433306304
715.0,0.9900491007627567,0.9900730051863438,0.9900730051863438
716.0,0.98995163543223,0.9901192344519345,0.9901192344519345
717.0,0.9900332092849363,0.9901653365882721,0.9901653365882721
718.0,0.9903067962991595,0.9902113169913094,0.9902113169913094
719.0,0.9905648348066364,0.9902571809922245,0.9902571809922245
720.0,0.9900851632279823,0.9903029338575695,0.9903029338575695
721.0,0.9902118540786299,0.9903485807894092,0.9903485807894092
722.0,0.9906027725189585,0.9903941269254646,0.9903941269254646
723.0,0.990502606506929,0.9904395773392587,0.9904395773392587
724.0,0.9902026897665942,0.9904849370402571,0.9904849370402571
725.0,0.9902237475663411,0.9905302109740135,0.9905302109740135
726.0,0.9905145958749236,0.9905754040223105,0.9905754040223105
727.0,0.9905371349251967,0.9906205210033057,0.9906205210033057
728.0,0.9906924745779149,0.9906655666716737,0.9906655666716737
729.0,0.990850555194435,0.9907105457187482,0.9907105457187482
730.0,0.990882885973575,0.9907554627726678,0.9907554627726678
731.0,0.9908405270420222,0.9908003223985178,0.9908003223985178
732.0,0.9909055368466585,0.9908451290984717,0.9908451290984717
733.0,0.9910925697335559,0.9908898873119389,0.9908898873119389
734.0,0.991290310512119,0.9909346014157043,0.9909346014157043
735.0,0.9911011188360338,0.990979275724073,0.990979275724073
736.0,0.9913027304766703,0.9910239144890143,0.9910239144890143
737.0,0.9918581631432547,0.9910685219003024,0.9910685219003024
738.0,0.9918764378814819,0.9911131020856627,0.9911131020856627
739.0,0.9916552553926199,0.991157659110913,0.991157659110913
740.0,0.991530428858184,0.9912021969801086,0.9912021969801086
741.0,0.9916323583113466,0.9912467196356842,0.9912467196356842
742.0,0.9915533221967134,0.991291230958598,0.991291230958598
743.0,0.9915039091630103,0.9913357347684721,0.9913357347684721
744.0,0.9915373715614698,0.9913802348237415,0.9913802348237415
745.0,0.9916159850644158,0.9914247348217926,0.9914247348217926
746.0,0.9915330198226737,0.9914692383991095,0.9914692383991095
747.0,0.9916214417590493,0.9915137491314132,0.9915137491314132
748.0,0.9919509126179603,0.9915582705338091,0.9915582705338091
749.0,0.9922618411056966,0.9916028060609288,0.9916028060609288
750.0,0.9921779300974022,0.991647359107074,0.991647359107074
751.0,0.9920219197256966,0.9916919330063592,0.9916919330063592
752.0,0.9920543870980169,0.9917365310328516,0.9917365310328516
753.0,0.9919343697825614,0.9917811564007217,0.9917811564007217
754.0,0.9921898252088593,0.991825812264381,0.991825812264381
755.0,0.9923742660950954,0.991870501718628,0.991870501718628
756.0,0.9918979981436572,0.9919152277987882,0.9919152277987882
757.0,0.9921369451216464,0.9919599934808625,0.9919599934808625
758.0,0.9922993336096,0.9920048016816632,0.9920048016816632
759.0,0.99215565724697,0.9920496552589673,0.9920496552589673
760.0,0.9922417303366381,0.9920945570116502,0.9920945570116502
761.0,0.9923696224614905,0.9921395096798358,0.9921395096798358
762.0,0.9925132761035693,0.9921845159450333,0.9921845159450333
763.0,0.9926533109573945,0.9922295784302864,0.9922295784302864
764.0,0.9927444285542437,0.9922746997003149,0.9922746997003149
765.0,0.9925823058119945,0.9923198822616566,0.9923198822616566
766.0,0.9925105844534984,0.9923651285628123,0.9923651285628123
767.0,0.9929032233894503,0.9924104409943864,0.9924104409943864
768.0,0.9928048877631318,0.9924558218892352,0.9924558218892352
769.0,0.9928465866057877,0.9925012735226031,0.9925012735226031
770.0,0.9931254104019669,0.9925467981122731,0.9925467981122731
771.0,0.9931089812280111,0.9925923978187046,0.9925923978187046
772.0,0.9931649522097263,0.99263807474518,0.99263807474518
773.0,0.9931633968918926,0.9926838309379462,0.9926838309379462
774.0,0.9930104598147386,0.9927296683863611,0.9927296683863611
775.0,0.9928798953536458,0.9927755890230308,0.9927755890230308
776.0,0.9930052042434091,0.9928215947239589,0.9928215947239589
777.0,0.9932993596353392,0.9928676873086868,0.9928676873086868
778.0,0.9935161126198567,0.9929138685404366,0.9929138685404366
779.0,0.9933939537952577,0.9929601401262571,0.9929601401262571
780.0,0.9933273202054618,0.9930065037171654,0.9930065037171654
781.0,0.9933319969253673,0.9930529609082872,0.9930529609082872
782.0,0.993092669522332,0.9930995132390068,0.9930995132390068
783.0,0.9933210239105239,0.9931461621931053,0.9931461621931053
784.0,0.9935650837774138,0.9931929091989025,0.9931929091989025
785.0,0.9935181140250445,0.9932397556294075,0.9932397556294075
786.0,0.993582701334406,0.9932867028024579,0.9932867028024579
787.0,0.9935671361170434,0.9933337519808532,0.9933337519808532
788.0,0.9934926337508233,0.9933809043725215,0.9933809043725215
789.0,0.9934892618758837,0.9934281611306381,0.9934281611306381
790.0,0.9938772280710081,0.9934755233537851,0.9934755233537851
791.0,0.9940651697222054,0.9935229920860849,0.9935229920860849
792.0,0.9939385426244262,0.9935705683173515,0.9935705683173515
793.0,0.9938094780558604,0.9936182529832296,0.9936182529832296
794.0,0.9940988462397163,0.993666046965334,0.993666046965334
795.0,0.9942440026530537,0.9937139510914055,0.9937139510914055
796.0,0.9940465336778371,0.9937619661354358,0.9937619661354358
797.0,0.994126523603522,0.9938100928178291,0.9938100928178291
798.0,0.9941553045682572,0.9938583318055321,0.9938583318055321
799.0,0.9941477073916927,0.9939066837121866,0.9939066837121866
800.0,0.9941526430251331,0.9939551490982628,0.9939551490982628
801.0,0.9939819852179363,0.9940037284712155,0.9940037284712155
802.0,0.9940789023251176,0.994052422285614,0.994052422285614
803.0,0.9943060504706891,0.9941012309432959,0.9941012309432959
804.0,0.9942785544042564,0.9941501547935028,0.9941501547935028
805.0,0.9945662264254431,0.9941991941330302,0.9941991941330302
806.0,0.9947836457711033,0.9942483492063634,0.9942483492063634
807.0,0.9947671334226061,0.9942976202058311,0.9942976202058311
808.0,0.9947417844771855,0.9943470072717375,0.9943470072717375
809.0,0.9950301027731941,0.9943965104925108,0.9943965104925108
810.0,0.9953089688986295,0.9944461299048477,0.9944461299048477
811.0,0.9952624525611736,0.9944958654938552,0.9944958654938552
812.0,0.994931982565561,0.9945457171931966,0.9945457171931966
813.0,0.9949102380914224,0.9945956848852253,0.9945956848852253
814.0,0.9951095933629733,0.9946457684011443,0.9946457684011443
815.0,0.9951835421901455,0.9946959675211284,0.9946959675211284
816.0,0.9951231510074466,0.9947462819744926,0.9947462819744926
817.0,0.995239222874318,0.9947967114398104,0.9947967114398104
818.0,0.9954603469390136,0.9948472555450767,0.9948472555450767
819.0,0.9954220544716604,0.9948979138678389,0.9948979138678389
820.0,0.9955905018857288,0.9949486859353482,0.9949486859353482
821.0,0.9957777849878352,0.9949995712246922,0.9949995712246922
822.0,0.9957832571522794,0.9950505691629534,0.9950505691629534
823.0,0.9955494048748809,0.9951016791273406,0.9951016791273406
824.0,0.9955138393929626,0.9951529004453341,0.9951529004453341
825.0,0.9954514675744771,0.9952042323948327,0.9952042323948327
826.0,0.9951716018967068,0.9952556742042955,0.9952556742042955
827.0,0.9953048900666689,0.9953072250528843,0.9953072250528843
828.0,0.9954078682381469,0.9953588840706062,0.9953588840706062
829.0,0.9954148904444211,0.9954106503384585,0.9954106503384585
830.0,0.9954577974930136,0.9954625228885698,0.9954625228885698
831.0,0.9954548108840718,0.9955145007043529,0.9955145007043529
832.0,0.9955520532346199,0.9955665827206275,0.9955665827206275
833.0,0.99572472896454,0.9956187678237887,0.9956187678237887
834.0,0.9957599377114977,0.9956710548519283,0.9956710548519283
835.0,0.9956888914156571,0.9957234425949921,0.9957234425949921
836.0,0.9959300001162432,0.9957759297949174,0.9957759297949174
837.0,0.996543157210795,0.9958285151457804,0.9958285151457804
838.0,0.9967555050592981,0.9958811972939323,0.9958811972939323
839.0,0.9965384345082648,0.9959339748381486,0.9959339748381486
840.0,0.9962818508976888,0.9959868463297712,0.9959868463297712
841.0,0.9962738780335404,0.996039810272852,0.996039810272852
842.0,0.9956734493644819,0.9960928651242948,0.9960928651242948
843.0,0.9958547599293128,0.9961460092939973,0.9961460092939973
844.0,0.9965295820123784,0.9961992411450005,0.9961992411450005
845.0,0.9965162723220495,0.9962525589936224,0.9962525589936224
846.0,0.996301513868219,0.9963059611096114,0.9963059611096114
847.0,0.9961879880108531,0.9963594457162825,0.9963594457162825
848.0,0.9962230765472129,0.9964130109906637,0.9964130109906637
849.0,0.9961914359371975,0.9964666550636394,0.9964666550636394
850.0,0.996413679095725,0.9965203760200911,0.9965203760200911
851.0,0.9965704470129048,0.9965741718990426,0.9965741718990426
852.0,0.9964819656827099,0.9966280406938048,0.9966280406938048
853.0,0.9964777947121661,0.9966819803521167,0.9966819803521167
854.0,0.9967101141532629,0.9967359887762881,0.9967359887762881
855.0,0.9970597806449818,0.9967900638233496,0.9967900638233496
856.0,0.9973169917312391,0.9968442033051796,0.9968442033051796
857.0,0.9973427896841769,0.9968984049886691,0.9968984049886691
858.0,0.9973192326485166,0.9969526665958486,0.9969526665958486
859.0,0.9973654983276328,0.99700698580404,0.99700698580404
860.0,0.9975163715700526,0.9970613602459937,0.9970613602459937
861.0,0.9976155409079063,0.9971157875100409,0.9971157875100409
862.0,0.9973447331304199,0.9971702651402237,0.9971702651402237
863.0,0.9969797459340973,0.9972247906364535,0.9972247906364535
864.0,0.9972911578232818,0.99727936145464,0.99727936145464
865.0,0.9975105725766074,0.9973339750068444,0.9973339750068444
866.0,0.9975844418237503,0.9973886286614195,0.9973886286614195
867.0,0.9976200464930861,0.9974433197431547,0.9974433197431547
868.0,0.9977903892310145,0.9974980455334159,0.9974980455334159
869.0,0.9977260714704979,0.9975528032702883,0.9975528032702883
870.0,0.9974825675233011,0.9976075901487242,0.9976075901487242
871.0,0.9972716104133719,0.9976624033206838,0.9976624033206838
872.0,0.9973983295584458,0.9977172398952796,0.9977172398952796
873.0,0.9974824880038925,0.9977720969389154,0.9977720969389154
874.0,0.9975853187368688,0.9978269714754402,0.9978269714754402
875.0,0.9978603087229568,0.9978818604862743,0.9978818604862743
876.0,0.9979333161619351,0.9979367609105676,0.9979367609105676
877.0,0.997818924991823,0.9979916696453413,0.9979916696453413
878.0,0.9977901892343294,0.9980465835456209,0.9980465835456209
879.0,0.9981731230836368,0.9981014994245909,0.9981014994245909
880.0,0.998194866975702,0.9981564140537327,0.9981564140537327
881.0,0.9982677936106992,0.9982113241629671,0.9982113241629671
882.0,0.998551129160212,0.9982662264408013,0.9982662264408013
883.0,0.9987348715824885,0.9983211175344695,0.9983211175344695
884.0,0.998668728281296,0.9983759940500758,0.9983759940500758
885.0,0.9984915128069902,0.9984308525527392,0.9984308525527392
886.0,0.9983583607725875,0.998485689566736,0.998485689566736
887.0,0.9983176303169369,0.9985405015756457,0.9985405015756457
888.0,0.9983978836652616,0.9985952850224853,0.9985952850224853
889.0,0.9983678605758369,0.9986500363098665,0.9986500363098665
890.0,0.9981404524225795,0.9987047518001284,0.9987047518001284
891.0,0.9983360224067604,0.9987594278154832,0.9987594278154832
892.0,0.9982745581466168,0.998814060638163,0.998814060638163
893.0,0.9981006937559723,0.9988686465105583,0.9988686465105583
894.0,0.9982303204089531,0.9989231816353619,0.9989231816353619
895.0,0.9985202295433494,0.99897766217572,0.99897766217572
896.0,0.9984109002235717,0.9990320842553624,0.9990320842553624
897.0,0.9981798511438722,0.999086443958755,0.999086443958755
898.0,0.9985127949916003,0.9991407373312415,0.9991407373312415
899.0,0.9983975203855261,0.9991949603791885,0.9991949603791885
900.0,0.9980961849538846,0.999249109070119,0.999249109070119
901.0,0.9982107824701036,0.9993031793328695,0.9993031793328695
902.0,0.9993522138732926,0.9993571670577224,0.9993571670577224
903.0,0.9993286547690239,0.9994110680965573,0.9994110680965573
904.0,0.9993254726750609,0.9994648782629876,0.9994648782629876
905.0,0.9999937552761051,0.9995185933325093,0.9995185933325093
906.0,1.0,0.9995722090426391,0.9995722090426391
907.0,0.9998592248509265,0.9996257210930639,0.9996257210930639
908.0,0.9994270040031887,0.9996791251457737,0.9996791251457737
909.0,0.9993684210764904,0.9997324168252237,0.9997324168252237
910.0,0.9991362262381189,0.9997855917184499,0.9997855917184499
911.0,0.9996392056159839,0.9998386453752437,0.9998386453752437
912.0,0.9999892802127756,0.9998915733082681,0.9998915733082681
913.0,0.9993244514223908,0.9999443709932199,0.9999443709932199
914.0,0.9988788670387374,0.9999970338689617,0.9999970338689617
915.0,0.9994314041275932,1.0,1.0
916.0,0.999993283569669,1.0,1.0
917.0,0.9993351436531797,1.0,1.0
918.0,0.999548505835957,1.0,1.0
919.0,0.9996073481901125,1.0,1.0
920.0,0.9992942275810118,1.0,1.0
921.0,0.9991242537782636,1.0,1.0
922.0,0.9999985738616838,1.0,1.0
923.0,1.0,1.0,1.0
924.0,1.0,1.0,1.0
925.0,1.0,1.0,1.0
926.0,0.9997785643334411,1.0,1.0
927.0,0.9995077498709471,1.0,1.0
928.0,0.9995455194298992,1.0,1.0
929.0,0.99994351684022,1.0,1.0
930.0,1.0,1.0,1.0
931.0,1.0,1.0,1.0
932.0,1.0,1.0,1.0
933.0,1.0,1.0,1.0
934.0,1.0,1.0,1.0
935.0,1.0,1.0,1.0
936.0,1.0,1.0,1.0
937.0,1.0,1.0,1.0
938.0,1.0,1.0,1.0
939.0,1.0,1.0,1.0
940.0,1.0,1.0,1.0
941.0,1.0,1.0,1.0
942.0,1.0,1.0,1.0
943.0,1.0,1.0,1.0
944.0,1.0,1.0,1.0
945.0,1.0,1.0,1.0
946.0,1.0,1.0,1.0
947.0,1.0,1.0,1.0
948.0,1.0,1.0,1.0
949.0,1.0,1.0,1.0
950.0,1.0,1.0,1.0
951.0,1.0,1.0,1.0
952.0,1.0,1.0,1.0
953.0,1.0,1.0,1.0
954.0,1.0,1.0,1.0
955.0,1.0,1.0,1.0
956.0,1.0,1.0,1.0
957.0,1.0,1.0,1.0
958.0,1.0,1.0,1.0
959.0,1.0,1.0,1.0
960.0,1.0,1.0,1.0
961.0,1.0,1.0,1.0
962.0,1.0,1.0,1.0
963.0,1.0,1.0,1.0
964.0,1.0,1.0,1.0
965.0,1.0,1.0,1.0
966.0,1.0,1.0,1.0
967.0,1.0,1.0,1.0
968.0,1.0,1.0,1.0
969.0,1.0,1.0,1.0
970.0,1.0,1.0,1.0
971.0,1.0,1.0,1.0
972.0,1.0,1.0,1.0
973.0,1.0,1.0,1.0
974.0,1.0,1.0,1.0
975.0,1.0,1.0,1.0
976.0,1.0,1.0,1.0
977.0,1.0,1.0,1.0
978.0,1.0,1.0,1.0
979.0,1.0,1.0,1.0
980.0,1.0,1.0,1.0
981.0,1.0,1.0,1.0
982.0,1.0,1.0,1.0
983.0,1.0,1.0,1.0
984.0,1.0,1.0,1.0
985.0,1.0,1.0,1.0
986.0,1.0,1.0,1.0
987.0,1.0,1.0,1.0
988.0,1.0,1.0,1.0
989.0,1.0,1.0,1.0
990.0,1.0,1.0,1.0
991.0,1.0,1.0,1.0
992.0,1.0,1.0,1.0
993.0,1.0,1.0,1.0
994.0,1.0,1.0,1.0
995.0,1.0,1.0,1.0
996.0,1.0,1.0,1.0
997.0,1.0,1.0,1.0
998.0,1.0,1.0,1.0
999.0,1.0,1.0,1.0
1000.0,1.0,1.0,1.0
1001.0,1.0,1.0,1.0
1002.0,1.0,1.0,1.0
1003.0,1.0,1.0,1.0
1004.0,1.0,1.0,1.0
1005.0,1.0,1.0,1.0
1006.0,1.0,1.0,1.0
1007.0,1.0,1.0,1.0
1008.0,1.0,1.0,1.0
1009.0,1.0,1.0,1.0
1010.0,1.0,1.0,1.0
1011.0,1.0,1.0,1.0
1012.0,1.0,1.0,1.0
1013.0,1.0,1.0,1.0
1014.0,1.0,1.0,1.0
1015.0,1.0,1.0,1.0
1016.0,1.0,1.0,1.0
1017.0,1.0,1.0,1.0
1018.0,1.0,1.0,1.0
1019.0,1.0,1.0,1.0
1020.0,1.0,1.0,1.0
1021.0,1.0,1.0,1.0
1022.0,1.0,1.0,1.0
1023.0,1.0,1.0,1.0
1024.0,1.0,1.0,1.0
1025.0,1.0,1.0,1.0
1026.0,1.0,1.0,1.0
1027.0,1.0,1.0,1.0
1028.0,1.0,1.0,1.0
1029.0,1.0,1.0,1.0
1030.0,1.0,1.0,1.0
1031.0,1.0,1.0,1.0
1032.0,1.0,1.0,1.0
1033.0,1.0,1.0,1.0
1034.0,1.0,1.0,1.0
1035.0,1.0,1.0,1.0
1036.0,1.0,1.0,1.0
1037.0,1.0,1.0,1.0
1038.0,1.0,1.0,1.0
1039.0,1.0,1.0,1.0
1040.0,1.0,1.0,1.0
1041.0,1.0,1.0,1.0
1042.0,1.0,1.0,1.0
1043.0,1.0,1.0,1.0
1044.0,1.0,1.0,1.0
1045.0,1.0,1.0,1.0
1046.0,1.0,1.0,1.0
1047.0,1.0,1.0,1.0
1048.0,1.0,1.0,1.0
1049.0,1.0,1.0,1.0
1050.0,1.0,1.0,1.0
1051.0,1.0,1.0,1.0
1052.0,1.0,1.0,1.0
1053.0,1.0,1.0,1.0
1054.0,1.0,1.0,1.0
1055.0,1.0,1.0,1.0
1056.0,1.0,1.0,1.0
1057.0,1.0,1.0,1.0
1058.0,1.0,1.0,1.0
1059.0,1.0,1.0,1.0
1060.0,1.0,1.0,1.0
1061.0,1.0,1.0,1.0
1062.0,1.0,1.0,1.0
1063.0,1.0,1.0,1.0
1064.0,1.0,1.0,1.0
1065.0,1.0,1.0,1.0
1066.0,1.0,1.0,1.0
1067.0,1.0,1.0,1.0
1068.0,1.0,1.0,1.0
1069.0,1.0,1.0,1.0
1070.0,1.0,1.0,1.0
1071.0,1.0,1.0,1.0
1072.0,1.0,1.0,1.0
1073.0,1.0,1.0,1.0
1074.0,1.0,1.0,1.0
1075.0,1.0,1.0,1.0
1076.0,1.0,1.0,1.0
1077.0,1.0,1.0,1.0
1078.0,1.0,1.0,1.0
1079.0,1.0,1.0,1.0
1080.0,1.0,1.0,1.0
1081.0,1.0,1.0,1.0
1082.0,1.0,1.0,1.0
1083.0,1.0,1.0,1.0
1084.0,1.0,1.0,1.0
1085.0,1.0,1.0,1.0
1086.0,1.0,1.0,1.0
1087.0,1.0,1.0,1.0
1088.0,1.0,1.0,1.0
1089.0,1.0,1.0,1.0
1090.0,1.0,1.0,1.0
1091.0,1.0,1.0,1.0
1092.0,1.0,1.0,1.0
1093.0,1.0,1.0,1.0
1094.0,1.0,1.0,1.0
1095.0,1.0,1.0,1.0
1096.0,1.0,1.0,1.0
1097.0,1.0,1.0,1.0
1098.0,1.0,1.0,1.0
1099.0,1.0,1.0,1.0
1100.0,1.0,1.0,1.0
1101.0,1.0,1.0,1.0
1102.0,1.0,1.0,1.0
1103.0,1.0,1.0,1.0
1104.0,1.0,1.0,1.0
1105.0,1.0,1.0,1.0
1106.0,1.0,1.0,1.0
1107.0,1.0,1.0,1.0
1108.0,1.0,1.0,1.0
1109.0,1.0,1.0,1.0
1110.0,1.0,1.0,1.0
1111.0,1.0,1.0,1.0
1112.0,1.0,1.0,1.0
1113.0,1.0,1.0,1.0
1114.0,1.0,1.0,1.0
1115.0,1.0,1.0,1.0
1116.0,1.0,1.0,1.0
1117.0,1.0,1.0,1.0
1118.0,1.0,1.0,1.0
1119.0,1.0,1.0,1.0
1120.0,1.0,1.0,1.0
1121.0,1.0,1.0,1.0
1122.0,1.0,1.0,1.0
1123.0,1.0,1.0,1.0
1124.0,1.0,1.0,1.0
1125.0,1.0,1.0,1.0
1126.0,1.0,1.0,1.0
1127.0,1.0,1.0,1.0
1128.0,1.0,1.0,1.0
1129.0,1.0,1.0,1.0
1130.0,1.0,1.0,1.0
1131.0,1.0,1.0,1.0
1132.0,1.0,1.0,1.0
1133.0,1.0,1.0,1.0
1134.0,1.0,1.0,1.0
1135.0,1.0,1.0,1.0
1136.0,1.0,1.0,1.0
1137.0,1.0,1.0,1.0
1138.0,1.0,1.0,1.0
1139.0,1.0,1.0,1.0
1140.0,1.0,1.0,1.0
1141.0,1.0,1.0,1.0
1142.0,1.0,1.0,1.0
1143.0,1.0,1.0,1.0
1144.0,1.0,1.0,1.0
1145.0,1.0,1.0,1.0
1146.0,1.0,1.0,1.0
1147.0,1.0,1.0,1.0
1148.0,1.0,1.0,1.0
1149.0,1.0,1.0,1.0
1150.0,1.0,1.0,1.0
1151.0,1.0,1.0,1.0
1152.0,1.0,1.0,1.0
1153.0,1.0,1.0,1.0
1154.0,1.0,1.0,1.0
1155.0,1.0,1.0,1.0
1156.0,1.0,1.0,1.0
1157.0,1.0,1.0,1.0
1158.0,1.0,1.0,1.0
1159.0,1.0,1.0,1.0
1160.0,1.0,1.0,1.0
1161.0,1.0,1.0,1.0
1162.0,1.0,1.0,1.0
1163.0,1.0,1.0,1.0
1164.0,1.0,1.0,1.0
1165.0,1.0,1.0,1.0
1166.0,1.0,1.0,1.0
1167.0,1.0,1.0,1.0
1168.0,1.0,1.0,1.0
1169.0,1.0,1.0,1.0
1170.0,1.0,1.0,1.0
1171.0,1.0,1.0,1.0
1172.0,1.0,1.0,1.0
1173.0,1.0,1.0,1.0
1174.0,1.0,1.0,1.0
1175.0,1.0,1.0,1.0
1176.0,1.0,1.0,1.0
1177.0,1.0,1.0,1.0
1178.0,1.0,1.0,1.0
1179.0,1.0,1.0,1.0
1180.0,1.0,1.0,1.0
1181.0,1.0,1.0,1.0
1182.0,1.0,1.0,1.0
1183.0,1.0,1.0,1.0
1184.0,1.0,1.0,1.0
1185.0,1.0,1.0,1.0
1186.0,1.0,1.0,1.0
1187.0,1.0,1.0,1.0
1188.0,1.0,1.0,1.0
1189.0,1.0,1.0,1.0
1190.0,1.0,1.0,1.0
1191.0,1.0,1.0,1.0
1192.0,1.0,1.0,1.0
1193.0,1.0,1.0,1.0
1194.0,1.0,1.0,1.0
1195.0,1.0,1.0,1.0
1196.0,1.0,1.0,1.0
1197.0,1.0,1.0,1.0
1198.0,1.0,1.0,1.0
1199.0,1.0,1.0,1.0
1200.0,1.0,1.0,1.0
1201.0,1.0,1.0,1.0
1202.0,1.0,1.0,1.0
1203.0,1.0,1.0,1.0
1204.0,1.0,1.0,1.0
1205.0,1.0,1.0,1.0
1206.0,1.0,1.0,1.0
1207.0,1.0,1.0,1.0
1208.0,1.0,1.0,1.0
1209.0,1.0,1.0,1.0
1210.0,1.0,1.0,1.0
1211.0,1.0,1.0,1.0
1212.0,1.0,1.0,1.0
1213.0,1.0,1.0,1.0
1214.0,1.0,1.0,1.0
1215.0,1.0,1.0,1.0
1216.0,1.0,1.0,1.0
1217.0,1.0,1.0,1.0
1218.0,1.0,1.0,1.0
1219.0,1.0,1.0,1.0
1220.0,1.0,1.0,1.0
1221.0,1.0,1.0,1.0
1222.0,1.0,1.0,1.0
1223.0,1.0,1.0,1.0
1224.0,1.0,1.0,1.0
1225.0,1.0,1.0,1.0
1226.0,1.0,1.0,1.0
1227.0,1.0,1.0,1.0
1228.0,1.0,1.0,1.0
1229.0,1.0,1.0,1.0
1230.0,1.0,1.0,1.0
1231.0,1.0,1.0,1.0
1232.0,1.0,1.0,1.0
1233.0,1.0,1.0,1.0
1234.0,1.0,1.0,1.0
1235.0,1.0,1.0,1.0
1236.0,1.0,1.0,1.0
1237.0,1.0,1.0,1.0
1238.0,1.0,1.0,1.0
1239.0,1.0,1.0,1.0
1240.0,1.0,1.0,1.0
1241.0,1.0,1.0,1.0
1242.0,1.0,1.0,1.0
1243.0,1.0,1.0,1.0
1244.0,1.0,1.0,1.0
1245.0,1.0,1.0,1.0
1246.0,1.0,1.0,1.0
1247.0,1.0,1.0,1.0
1248.0,1.0,1.0,1.0
1249.0,1.0,1.0,1.0
1250.0,1.0,1.0,1.0
1251.0,1.0,1.0,1.0
1252.0,1.0,1.0,1.0
1253.0,1.0,1.0,1.0
1254.0,1.0,1.0,1.0
1255.0,1.0,1.0,1.0
1256.0,1.0,1.0,1.0
1257.0,1.0,1.0,1.0
1258.0,1.0,1.0,1.0
1259.0,1.0,1.0,1.0
1260.0,1.0,1.0,1.0
1261.0,1.0,1.0,1.0
1262.0,1.0,1.0,1.0
1263.0,1.0,1.0,1.0
1264.0,1.0,1.0,1.0
1265.0,1.0,1.0,1.0
1266.0,1.0,1.0,1.0
1267.0,1.0,1.0,1.0
1268.0,1.0,1.0,1.0
1269.0,1.0,1.0,1.0
1270.0,1.0,1.0,1.0
1271.0,1.0,1.0,1.0
1272.0,1.0,1.0,1.0
1273.0,1.0,1.0,1.0
1274.0,1.0,1.0,1.0
1275.0,1.0,1.0,1.0
1276.0,1.0,1.0,1.0
1277.0,1.0,1.0,1.0
1278.0,1.0,1.0,1.0
1279.0,1.0,1.0,1.0
1280.0,1.0,1.0,1.0
1281.0,1.0,1.0,1.0
1282.0,1.0,1.0,1.0
1283.0,1.0,1.0,1.0
1284.0,1.0,1.0,1.0
1285.0,1.0,1.0,1.0
1286.0,1.0,1.0,1.0
1287.0,1.0,1.0,1.0
1288.0,1.0,1.0,1.0
1289.0,1.0,1.0,1.0
1290.0,1.0,1.0,1.0
1291.0,1.0,1.0,1.0
1292.0,1.0,1.0,1.0
1293.0,1.0,1.0,1.0
1294.0,1.0,1.0,1.0
1295.0,1.0,1.0,1.0
1296.0,1.0,1.0,1.0
1297.0,1.0,1.0,1.0
1298.0,1.0,1.0,1.0
1299.0,1.0,1.0,1.0
1300.0,1.0,1.0,1.0
1301.0,1.0,1.0,1.0
1302.0,1.0,1.0,1.0
1303.0,1.0,1.0,1.0
1304.0,1.0,1.0,1.0
1305.0,1.0,1.0,1.0
1306.0,1.0,1.0,1.0
1307.0,1.0,1.0,1.0
1308.0,1.0,1.0,1.0
1309.0,1.0,1.0,1.0
1310.0,1.0,1.0,1.0
1311.0,1.0,1.0,1.0
1312.0,1.0,1.0,1.0
1313.0,1.0,1.0,1.0
1314.0,1.0,1.0,1.0
1315.0,1.0,1.0,1.0
1316.0,1.0,1.0,1.0
1317.0,1.0,1.0,1.0
1318.0,1.0,1.0,1.0
1319.0,1.0,1.0,1.0
1320.0,1.0,1.0,1.0
1321.0,1.0,1.0,1.0
1322.0,1.0,1.0,1.0
1323.0,1.0,1.0,1.0
1324.0,1.0,1.0,1.0
1325.0,1.0,1.0,1.0
1326.0,1.0,1.0,1.0
1327.0,1.0,1.0,1.0
1328.0,1.0,1.0,1.0
1329.0,1.0,1.0,1.0
1330.0,1.0,1.0,1.0
1331.0,1.0,1.0,1.0
1332.0,1.0,1.0,1.0
1333.0,1.0,1.0,1.0
1334.0,1.0,1.0,1.0
1335.0,1.0,1.0,1.0
1336.0,1.0,1.0,1.0
1337.0,1.0,1.0,1.0
1338.0,1.0,1.0,1.0
1339.0,1.0,1.0,1.0
1340.0,1.0,1.0,1.0
1341.0,1.0,1.0,1.0
1342.0,1.0,1.0,1.0
1343.0,1.0,1.0,1.0
1344.0,1.0,1.0,1.0
1345.0,1.0,1.0,1.0
1346.0,1.0,1.0,1.0
1347.0,1.0,1.0,1.0
1348.0,1.0,1.0,1.0
1349.0,1.0,1.0,1.0
1350.0,1.0,1.0,1.0
1351.0,1.0,1.0,1.0
1352.0,1.0,1.0,1.0
1353.0,1.0,1.0,1.0
1354.0,1.0,1.0,1.0
1355.0,1.0,1.0,1.0
1356.0,1.0,1.0,1.0
1357.0,1.0,1.0,1.0
1358.0,1.0,1.0,1.0
1359.0,1.0,1.0,1.0
1360.0,1.0,1.0,1.0
1361.0,1.0,1.0,1.0
1362.0,1.0,1.0,1.0
1363.0,1.0,1.0,1.0
1364.0,1.0,1.0,1.0
1365.0,1.0,1.0,1.0
1366.0,1.0,1.0,1.0
1367.0,1.0,1.0,1.0
1368.0,1.0,1.0,1.0
1369.0,1.0,1.0,1.0
1370.0,1.0,1.0,1.0
1371.0,1.0,1.0,1.0
1372.0,1.0,1.0,1.0
1373.0,1.0,1.0,1.0
1374.0,1.0,1.0,1.0
1375.0,1.0,1.0,1.0
1376.0,1.0,1.0,1.0
1377.0,1.0,1.0,1.0
1378.0,1.0,1.0,1.0
1379.0,1.0,1.0,1.0
1380.0,1.0,1.0,1.0
1381.0,1.0,1.0,1.0
1382.0,1.0,1.0,1.0
1383.0,1.0,1.0,1.0
1384.0,1.0,1.0,1.0
1385.0,1.0,1.0,1.0
1386.0,1.0,1.0,1.0
1387.0,1.0,1.0,1.0
1388.0,1.0,1.0,1.0
1389.0,1.0,1.0,1.0
1390.0,1.0,1.0,1.0
1391.0,1.0,1.0,1.0
1392.0,1.0,1.0,1.0
1393.0,1.0,1.0,1.0
1394.0,1.0,1.0,1.0
1395.0,1.0,1.0,1.0
1396.0,1.0,1.0,1.0
1397.0,1.0,1.0,1.0
1398.0,1.0,1.0,1.0
1399.0,1.0,1.0,1.0
1400.0,1.0,1.0,1.0
1401.0,1.0,1.0,1.0
1402.0,1.0,1.0,1.0
1403.0,1.0,1.0,1.0
1404.0,1.0,1.0,1.0
1405.0,1.0,1.0,1.0
1406.0,1.0,1.0,1.0
1407.0,1.0,1.0,1.0
1408.0,1.0,1.0,1.0
1409.0,1.0,1.0,1.0
1410.0,1.0,1.0,1.0
1411.0,1.0,1.0,1.0
1412.0,1.0,1.0,1.0
1413.0,1.0,1.0,1.0
1414.0,1.0,1.0,1.0
1415.0,1.0,1.0,1.0
1416.0,1.0,1.0,1.0
1417.0,1.0,1.0,1.0
1418.0,1.0,1.0,1.0
1419.0,1.0,1.0,1.0
1420.0,1.0,1.0,1.0
1421.0,1.0,1.0,1.0
1422.0,1.0,1.0,1.0
1423.0,1.0,1.0,1.0
1424.0,1.0,1.0,1.0
1425.0,1.0,1.0,1.0
1426.0,1.0,1.0,1.0
1427.0,1.0,1.0,1.0
1428.0,1.0,1.0,1.0
1429.0,1.0,1.0,1.0
1430.0,1.0,1.0,1.0
1431.0,1.0,1.0,1.0
1432.0,1.0,1.0,1.0
1433.0,1.0,1.0,1.0
1434.0,1.0,1.0,1.0
1435.0,1.0,1.0,1.0
1436.0,1.0,1.0,1.0
1437.0,1.0,1.0,1.0
1438.0,1.0,1.0,1.0
1439.0,1.0,1.0,1.0
1440.0,1.0,1.0,1.0
1441.0,1.0,1.0,1.0
1442.0,1.0,1.0,1.0
1443.0,1.0,1.0,1.0
1444.0,1.0,1.0,1.0
1445.0,1.0,1.0,1.0
1446.0,1.0,1.0,1.0
1447.0,1.0,1.0,1.0
1448.0,1.0,1.0,1.0
1449.0,1.0,1.0,1.0
1450.0,1.0,1.0,1.0
1451.0,1.0,1.0,1.0
1452.0,1.0,1.0,1.0
1453.0,1.0,1.0,1.0
1454.0,1.0,1.0,1.0
1455.0,1.0,1.0,1.0
1456.0,1.0,1.0,1.0
1457.0,1.0,1.0,1.0
1458.0,1.0,1.0,1.0
1459.0,1.0,1.0,1.0
1460.0,1.0,1.0,1.0
1461.0,1.0,1.0,1.0
1462.0,1.0,1.0,1.0
1463.0,1.0,1.0,1.0
1464.0,1.0,1.0,1.0
1465.0,1.0,1.0,1.0
1466.0,1.0,1.0,1.0
1467.0,1.0,1.0,1.0
1468.0,1.0,1.0,1.0
1469.0,1.0,1.0,1.0
1470.0,1.0,1.0,1.0
1471.0,1.0,1.0,1.0
1472.0,1.0,1.0,1.0
1473.0,1.0,1.0,1.0
1474.0,1.0,1.0,1.0
1475.0,1.0,1.0,1.0
1476.0,1.0,1.0,1.0
1477.0,1.0,1.0,1.0
1478.0,1.0,1.0,1.0
1479.0,1.0,1.0,1.0
1480.0,1.0,1.0,1.0
1481.0,1.0,1.0,1.0
1482.0,1.0,1.0,1.0
1483.0,1.0,1.0,1.0
1484.0,1.0,1.0,1.0
1485.0,1.0,1.0,1.0
1486.0,1.0,1.0,1.0
1487.0,1.0,1.0,1.0
1488.0,1.0,1.0,1.0
1489.0,1.0,1.0,1.0
1490.0,1.0,1.0,1.0
1491.0,1.0,1.0,1.0
1492.0,1.0,1.0,1.0
1493.0,1.0,1.0,1.0
1494.0,1.0,1.0,1.0
1495.0,1.0,1.0,1.0
1496.0,1.0,1.0,1.0
1497.0,1.0,1.0,1.0
1498.0,1.0,1.0,1.0
1499.0,1.0,1.0,1.0
1500.0,1.0,1.0,1.0
1501.0,1.0,1.0,1.0
1502.0,1.0,1.0,1.0
1503.0,1.0,1.0,1.0
1504.0,1.0,1.0,1.0
1505.0,1.0,1.0,1.0
1506.0,1.0,1.0,1.0
1507.0,1.0,1.0,1.0
1508.0,1.0,1.0,1.0
1509.0,1.0,1.0,1.0
1510.0,1.0,1.0,1.0
1511.0,1.0,1.0,1.0
1512.0,1.0,1.0,1.0
1513.0,1.0,1.0,1.0
1514.0,1.0,1.0,1.0
1515.0,1.0,1.0,1.0
1516.0,1.0,1.0,1.0
1517.0,1.0,1.0,1.0
1518.0,1.0,1.0,1.0
1519.0,1.0,1.0,1.0
1520.0,1.0,1.0,1.0
1521.0,1.0,1.0,1.0
1522.0,1.0,1.0,1.0
1523.0,1.0,1.0,1.0
1524.0,1.0,1.0,1.0
1525.0,1.0,1.0,1.0
1526.0,1.0,1.0,1.0
1527.0,1.0,1.0,1.0
1528.0,1.0,1.0,1.0
1529.0,1.0,1.0,1.0
1530.0,1.0,1.0,1.0
1531.0,1.0,1.0,1.0
1532.0,1.0,1.0,1.0
1533.0,1.0,1.0,1.0
1534.0,1.0,1.0,1.0
1535.0,1.0,1.0,1.0
1536.0,1.0,1.0,1.0
1537.0,1.0,1.0,1.0
1538.0,1.0,1.0,1.0
1539.0,1.0,1.0,1.0
1540.0,1.0,1.0,1.0
1541.0,1.0,1.0,1.0
1542.0,1.0,1.0,1.0
1543.0,1.0,1.0,1.0
1544.0,1.0,1.0,1.0
1545.0,1.0,1.0,1.0
1546.0,1.0,1.0,1.0
1547.0,1.0,1.0,1.0
1548.0,1.0,1.0,1.0
1549.0,1.0,1.0,1.0
1550.0,1.0,1.0,1.0
1551.0,1.0,1.0,1.0
1552.0,1.0,1.0,1.0
1553.0,1.0,1.0,1.0
1554.0,1.0,1.0,1.0
1555.0,1.0,1.0,1.0
1556.0,1.0,1.0,1.0
1557.0,1.0,1.0,1.0
1558.0,1.0,1.0,1.0
1559.0,1.0,1.0,1.0
1560.0,1.0,1.0,1.0
1561.0,1.0,1.0,1.0
1562.0,1.0,1.0,1.0
1563.0,1.0,1.0,1.0
1564.0,1.0,1.0,1.0
1565.0,1.0,1.0,1.0
1566.0,1.0,1.0,1.0
1567.0,1.0,1.0,1.0
1568.0,1.0,1.0,1.0
1569.0,1.0,1.0,1.0
1570.0,1.0,1.0,1.0
1571.0,1.0,1.0,1.0
1572.0,1.0,1.0,1.0
1573.0,1.0,1.0,1.0
1574.0,1.0,1.0,1.0
1575.0,1.0,1.0,1.0
1576.0,1.0,1.0,1.0
1577.0,1.0,1.0,1.0
1578.0,1.0,1.0,1.0
1579.0,1.0,1.0,1.0
1580.0,1.0,1.0,1.0
1581.0,1.0,1.0,1.0
1582.0,1.0,1.0,1.0
1583.0,1.0,1.0,1.0
1584.0,1.0,1.0,1.0
1585.0,1.0,1.0,1.0
1586.0,1.0,1.0,1.0
1587.0,1.0,1.0,1.0
1588.0,1.0,1.0,1.0
1589.0,1.0,1.0,1.0
1590.0,1.0,1.0,1.0
1591.0,1.0,1.0,1.0
1592.0,1.0,1.0,1.0
1593.0,1.0,1.0,1.0
1594.0,1.0,1.0,1.0
1595.0,1.0,1.0,1.0
1596.0,1.0,1.0,1.0
1597.0,1.0,1.0,1.0
1598.0,1.0,1.0,1.0
1599.0,1.0,1.0,1.0
1600.0,1.0,1.0,1.0
1601.0,1.0,1.0,1.0
1602.0,1.0,1.0,1.0
1603.0,1.0,1.0,1.0
1604.0,1.0,1.0,1.0
1605.0,1.0,1.0,1.0
1606.0,1.0,1.0,1.0
1607.0,1.0,1.0,1.0
1608.0,1.0,1.0,1.0
1609.0,1.0,1.0,1.0
1610.0,1.0,1.0,1.0
1611.0,1.0,1.0,1.0
1612.0,1.0,1.0,1.0
1613.0,1.0,1.0,1.0
1614.0,1.0,1.0,1.0
1615.0,1.0,1.0,1.0
1616.0,1.0,1.0,1.0
1617.0,1.0,1.0,1.0
1618.0,1.0,1.0,1.0
1619.0,1.0,1.0,1.0
1620.0,1.0,1.0,1.0
1621.0,1.0,1.0,1.0
1622.0,1.0,1.0,1.0
1623.0,1.0,1.0,1.0
1624.0,1.0,1.0,1.0
1625.0,1.0,1.0,1.0
1626.0,1.0,1.0,1.0
1627.0,1.0,1.0,1.0
1628.0,1.0,1.0,1.0
1629.0,1.0,1.0,1.0
1630.0,1.0,1.0,1.0
1631.0,1.0,1.0,1.0
1632.0,1.0,1.0,1.0
1633.0,1.0,1.0,1.0
1634.0,1.0,1.0,1.0
1635.0,1.0,1.0,1.0
1636.0,1.0,1.0,1.0
1637.0,1.0,1.0,1.0
1638.0,1.0,1.0,1.0
1639.0,1.0,1.0,1.0
1640.0,1.0,1.0,1.0
1641.0,1.0,1.0,1.0
1642.0,1.0,1.0,1.0
1643.0,1.0,1.0,1.0
1644.0,1.0,1.0,1.0
1645.0,1.0,1.0,1.0
1646.0,1.0,1.0,1.0
1647.0,1.0,1.0,1.0
1648.0,1.0,1.0,1.0
1649.0,1.0,1.0,1.0
1650.0,1.0,1.0,1.0
1651.0,1.0,1.0,1.0
1652.0,1.0,1.0,1.0
1653.0,1.0,1.0,1.0
1654.0,1.0,1.0,1.0
1655.0,1.0,1.0,1.0
1656.0,1.0,1.0,1.0
1657.0,1.0,1.0,1.0
1658.0,1.0,1.0,1.0
1659.0,1.0,1.0,1.0
1660.0,1.0,1.0,1.0
1661.0,1.0,1.0,1.0
1662.0,1.0,1.0,1.0
1663.0,1.0,1.0,1.0
1664.0,1.0,1.0,1.0
1665.0,1.0,1.0,1.0
1666.0,1.0,1.0,1.0
1667.0,1.0,1.0,1.0
1668.0,1.0,1.0,1.0
1669.0,1.0,1.0,1.0
1670.0,1.0,1.0,1.0
1671.0,1.0,1.0,1.0
1672.0,1.0,1.0,1.0
1673.0,1.0,1.0,1.0
1674.0,1.0,1.0,1.0
1675.0,1.0,1.0,1.0
1676.0,1.0,1.0,1.0
1677.0,1.0,1.0,1.0
1678.0,1.0,1.0,1.0
1679.0,1.0,1.0,1.0
1680.0,1.0,1.0,1.0
1681.0,1.0,1.0,1.0
1682.0,1.0,1.0,1.0
1683.0,1.0,1.0,1.0
1684.0,1.0,1.0,1.0
1685.0,1.0,1.0,1.0
1686.0,1.0,1.0,1.0
1687.0,1.0,1.0,1.0
1688.0,1.0,1.0,1.0
1689.0,1.0,1.0,1.0
1690.0,1.0,1.0,1.0
1691.0,1.0,1.0,1.0
1692.0,1.0,1.0,1.0
1693.0,1.0,1.0,1.0
1694.0,1.0,1.0,1.0
1695.0,1.0,1.0,1.0
1696.0,1.0,1.0,1.0
1697.0,1.0,1.0,1.0
1698.0,1.0,1.0,1.0
1699.0,1.0,1.0,1.0
1700.0,1.0,1.0,1.0
1701.0,1.0,1.0,1.0
1702.0,1.0,1.0,1.0
1703.0,1.0,1.0,1.0
1704.0,1.0,1.0,1.0
1705.0,1.0,1.0,1.0
1706.0,1.0,1.0,1.0
1707.0,1.0,1.0,1.0
1708.0,1.0,1.0,1.0
1709.0,1.0,1.0,1.0
1710.0,1.0,1.0,1.0
1711.0,1.0,1.0,1.0
1712.0,1.0,1.0,1.0
1713.0,1.0,1.0,1.0
1714.0,1.0,1.0,1.0
1715.0,1.0,1.0,1.0
1716.0,1.0,1.0,1.0
1717.0,1.0,1.0,1.0
1718.0,1.0,1.0,1.0
1719.0,1.0,1.0,1.0
1720.0,1.0,1.0,1.0
1721.0,1.0,1.0,1.0
1722.0,1.0,1.0,1.0
1723.0,1.0,1.0,1.0
1724.0,1.0,1.0,1.0
1725.0,1.0,1.0,1.0
1726.0,1.0,1.0,1.0
1727.0,1.0,1.0,1.0
1728.0,1.0,1.0,1.0
1729.0,1.0,1.0,1.0
1730.0,1.0,1.0,1.0
1731.0,1.0,1.0,1.0
1732.0,1.0,1.0,1.0
1733.0,1.0,1.0,1.0
1734.0,1.0,1.0,1.0
1735.0,1.0,1.0,1.0
1736.0,1.0,1.0,1.0
1737.0,1.0,1.0,1.0
1738.0,1.0,1.0,1.0
1739.0,1.0,1.0,1.0
1740.0,1.0,1.0,1.0
1741.0,1.0,1.0,1.0
1742.0,1.0,1.0,1.0
1743.0,1.0,1.0,1.0
1744.0,1.0,1.0,1.0
1745.0,1.0,1.0,1.0
1746.0,1.0,1.0,1.0
1747.0,1.0,1.0,1.0
1748.0,1.0,1.0,1.0
1749.0,1.0,1.0,1.0
1750.0,1.0,1.0,1.0
1751.0,1.0,1.0,1.0
1752.0,1.0,1.0,1.0
1753.0,1.0,1.0,1.0
1754.0,1.0,1.0,1.0
1755.0,1.0,1.0,1.0
1756.0,1.0,1.0,1.0
1757.0,1.0,1.0,1.0
1758.0,1.0,1.0,1.0
1759.0,1.0,1.0,1.0
1760.0,1.0,1.0,1.0
1761.0,1.0,1.0,1.0
1762.0,1.0,1.0,1.0
1763.0,1.0,1.0,1.0
1764.0,1.0,1.0,1.0
1765.0,1.0,1.0,1.0
1766.0,1.0,1.0,1.0
1767.0,1.0,1.0,1.0
1768.0,1.0,1.0,1.0
1769.0,1.0,1.0,1.0
1770.0,1.0,1.0,1.0
1771.0,1.0,1.0,1.0
1772.0,1.0,1.0,1.0
1773.0,1.0,1.0,1.0
1774.0,1.0,1.0,1.0
1775.0,1.0,1.0,1.0
1776.0,1.0,1.0,1.0
1777.0,1.0,1.0,1.0
1778.0,1.0,1.0,1.0
1779.0,1.0,1.0,1.0
1780.0,1.0,1.0,1.0
1781.0,1.0,1.0,1.0
1782.0,1.0,1.0,1.0
1783.0,1.0,1.0,1.0
1784.0,1.0,1.0,1.0
1785.0,1.0,1.0,1.0
1786.0,1.0,1.0,1.0
1787.0,1.0,1.0,1.0
1788.0,1.0,1.0,1.0
1789.0,1.0,1.0,1.0
1790.0,1.0,1.0,1.0
1791.0,1.0,1.0,1.0
1792.0,1.0,1.0,1.0
1793.0,1.0,1.0,1.0
1794.0,1.0,1.0,1.0
1795.0,1.0,1.0,1.0
1796.0,1.0,1.0,1.0
1797.0,1.0,1.0,1.0
1798.0,1.0,1.0,1.0
1799.0,1.0,1.0,1.0
1800.0,1.0,1.0,1.0
1801.0,1.0,1.0,1.0
1802.0,1.0,1.0,1.0
1803.0,1.0,1.0,1.0
1804.0,1.0,1.0,1.0
1805.0,1.0,1.0,1.0
1806.0,1.0,1.0,1.0
1807.0,1.0,1.0,1.0
1808.0,1.0,1.0,1.0
1809.0,1.0,1.0,1.0
1810.0,1.0,1.0,1.0
1811.0,1.0,1.0,1.0
1812.0,1.0,1.0,1.0
1813.0,1.0,1.0,1.0
1814.0,1.0,1.0,1.0
1815.0,1.0,1.0,1.0
1816.0,1.0,1.0,1.0
1817.0,1.0,1.0,1.0
1818.0,1.0,1.0,1.0
1819.0,1.0,1.0,1.0
1820.0,1.0,1.0,1.0
1821.0,1.0,1.0,1.0
1822.0,1.0,1.0,1.0
1823.0,1.0,1.0,1.0
1824.0,1.0,1.0,1.0
1825.0,1.0,1.0,1.0
1826.0,1.0,1.0,1.0
1827.0,1.0,1.0,1.0
1828.0,1.0,1.0,1.0
1829.0,1.0,1.0,1.0
1830.0,1.0,1.0,1.0
1831.0,1.0,1.0,1.0
1832.0,1.0,1.0,1.0
1833.0,1.0,1.0,1.0
1834.0,1.0,1.0,1.0
1835.0,1.0,1.0,1.0
1836.0,1.0,1.0,1.0
1837.0,1.0,1.0,1.0
1838.0,1.0,1.0,1.0
1839.0,1.0,1.0,1.0
1840.0,1.0,1.0,1.0
1841.0,1.0,1.0,1.0
1842.0,1.0,1.0,1.0
1843.0,1.0,1.0,1.0
1844.0,1.0,1.0,1.0
1845.0,1.0,1.0,1.0
1846.0,1.0,1.0,1.0
1847.0,1.0,1.0,1.0
1848.0,1.0,1.0,1.0
1849.0,1.0,1.0,1.0
1850.0,1.0,1.0,1.0
1851.0,1.0,1.0,1.0
1852.0,1.0,1.0,1.0
1853.0,1.0,1.0,1.0
1854.0,1.0,1.0,1.0
1855.0,1.0,1.0,1.0
1856.0,1.0,1.0,1.0
1857.0,1.0,1.0,1.0
1858.0,1.0,1.0,1.0
1859.0,1.0,1.0,1.0
1860.0,1.0,1.0,1.0
1861.0,1.0,1.0,1.0
1862.0,1.0,1.0,1.0
1863.0,1.0,1.0,1.0
1864.0,1.0,1.0,1.0
1865.0,1.0,1.0,1.0
1866.0,1.0,1.0,1.0
1867.0,1.0,1.0,1.0
1868.0,1.0,1.0,1.0
1869.0,1.0,1.0,1.0
1870.0,1.0,1.0,1.0
1871.0,1.0,1.0,1.0
1872.0,1.0,1.0,1.0
1873.0,1.0,1.0,1.0
1874.0,1.0,1.0,1.0
1875.0,1.0,1.0,1.0
1876.0,1.0,1.0,1.0
1877.0,1.0,1.0,1.0
1878.0,1.0,1.0,1.0
1879.0,1.0,1.0,1.0
1880.0,1.0,1.0,1.0
1881.0,1.0,1.0,1.0
1882.0,1.0,1.0,1.0
1883.0,1.0,1.0,1.0
1884.0,1.0,1.0,1.0
1885.0,1.0,1.0,1.0
1886.0,1.0,1.0,1.0
1887.0,1.0,1.0,1.0
1888.0,1.0,1.0,1.0
1889.0,1.0,1.0,1.0
1890.0,1.0,1.0,1.0
1891.0,1.0,1.0,1.0
1892.0,1.0,1.0,1.0
1893.0,1.0,1.0,1.0
1894.0,1.0,1.0,1.0
1895.0,1.0,1.0,1.0
1896.0,1.0,1.0,1.0
1897.0,1.0,1.0,1.0
1898.0,1.0,1.0,1.0
1899.0,1.0,1.0,1.0
1900.0,1.0,1.0,1.0
1901.0,1.0,1.0,1.0
1902.0,1.0,1.0,1.0
1903.0,1.0,1.0,1.0
1904.0,1.0,1.0,1.0
1905.0,1.0,1.0,1.0
1906.0,1.0,1.0,1.0
1907.0,1.0,1.0,1.0
1908.0,1.0,1.0,1.0
1909.0,1.0,1.0,1.0
1910.0,1.0,1.0,1.0
1911.0,1.0,1.0,1.0
1912.0,1.0,1.0,1.0
1913.0,1.0,1.0,1.0
1914.0,1.0,1.0,1.0
1915.0,1.0,1.0,1.0
1916.0,1.0,1.0,1.0
1917.0,1.0,1.0,1.0
1918.0,1.0,1.0,1.0
1919.0,1.0,1.0,1.0
1920.0,1.0,1.0,1.0
1921.0,1.0,1.0,1.0
1922.0,1.0,1.0,1.0
1923.0,1.0,1.0,1.0
1924.0,1.0,1.0,1.0
1925.0,1.0,1.0,1.0
1926.0,1.0,1.0,1.0
1927.0,1.0,1.0,1.0
1928.0,1.0,1.0,1.0
1929.0,1.0,1.0,1.0
1930.0,1.0,1.0,1.0
1931.0,1.0,1.0,1.0
1932.0,1.0,1.0,1.0
1933.0,1.0,1.0,1.0
1934.0,1.0,1.0,1.0
1935.0,1.0,1.0,1.0
1936.0,1.0,1.0,1.0
1937.0,1.0,1.0,1.0
1938.0,1.0,1.0,1.0
1939.0,1.0,1.0,1.0
1940.0,1.0,1.0,1.0
1941.0,1.0,1.0,1.0
1942.0,1.0,1.0,1.0
1943.0,1.0,1.0,1.0
1944.0,1.0,1.0,1.0
1945.0,1.0,1.0,1.0
1946.0,1.0,1.0,1.0
1947.0,1.0,1.0,1.0
1948.0,1.0,1.0,1.0
1949.0,1.0,1.0,1.0
1950.0,1.0,1.0,1.0
1951.0,1.0,1.0,1.0
1952.0,1.0,1.0,1.0
1953.0,1.0,1.0,1.0
1954.0,1.0,1.0,1.0
1955.0,1.0,1.0,1.0
1956.0,1.0,1.0,1.0
1957.0,1.0,1.0,1.0
1958.0,1.0,1.0,1.0
1959.0,1.0,1.0,1.0
1960.0,1.0,1.0,1.0
1961.0,1.0,1.0,1.0
1962.0,1.0,1.0,1.0
1963.0,1.0,1.0,1.0
1964.0,1.0,1.0,1.0
1965.0,1.0,1.0,1.0
1966.0,1.0,1.0,1.0
1967.0,1.0,1.0,1.0
1968.0,1.0,1.0,1.0
1969.0,1.0,1.0,1.0
1970.0,1.0,1.0,1.0
1971.0,1.0,1.0,1.0
1972.0,1.0,1.0,1.0
1973.0,1.0,1.0,1.0
1974.0,1.0,1.0,1.0
1975.0,1.0,1.0,1.0
1976.0,1.0,1.0,1.0
1977.0,1.0,1.0,1.0
1978.0,1.0,1.0,1.0
1979.0,1.0,1.0,1.0
1980.0,1.0,1.0,1.0
1981.0,1.0,1.0,1.0
1982.0,1.0,1.0,1.0
1983.0,1.0,1.0,1.0
1984.0,1.0,1.0,1.0
1985.0,1.0,1.0,1.0
1986.0,1.0,1.0,1.0
1987.0,1.0,1.0,1.0
1988.0,1.0,1.0,1.0
1989.0,1.0,1.0,1.0
1990.0,1.0,1.0,1.0
1991.0,1.0,1.0,1.0
1992.0,1.0,1.0,1.0
1993.0,1.0,1.0,1.0
1994.0,1.0,1.0,1.0
1995.0,1.0,1.0,1.0
1996.0,1.0,1.0,1.0
1997.0,1.0,1.0,1.0
1998.0,1.0,1.0,1.0
1999.0,1.0,1.0,1.0
2000.0,1.0,1.0,1.0
2001.0,1.0,1.0,1.0
2002.0,1.0,1.0,1.0
2003.0,1.0,1.0,1.0
2004.0,1.0,1.0,1.0
2005.0,1.0,1.0,1.0
2006.0,1.0,1.0,1.0
2007.0,1.0,1.0,1.0
2008.0,1.0,1.0,1.0
2009.0,1.0,1.0,1.0
2010.0,1.0,1.0,1.0
2011.0,1.0,1.0,1.0
2012.0,1.0,1.0,1.0
2013.0,1.0,1.0,1.0
2014.0,1.0,1.0,1.0
2015.0,1.0,1.0,1.0
2016.0,1.0,1.0,1.0
2017.0,1.0,1.0,1.0
2018.0,1.0,1.0,1.0
2019.0,1.0,1.0,1.0
2020.0,1.0,1.0,1.0
2021.0,1.0,1.0,1.0
2022.0,1.0,1.0,1.0
2023.0,1.0,1.0,1.0
2024.0,1.0,1.0,1.0
2025.0,1.0,1.0,1.0
2026.0,1.0,1.0,1.0
2027.0,1.0,1.0,1.0
2028.0,1.0,1.0,1.0
2029.0,1.0,1.0,1.0
2030.0,1.0,1.0,1.0
2031.0,1.0,1.0,1.0
2032.0,1.0,1.0,1.0
2033.0,1.0,1.0,1.0
2034.0,1.0,1.0,1.0
2035.0,1.0,1.0,1.0
2036.0,1.0,1.0,1.0
2037.0,1.0,1.0,1.0
2038.0,1.0,1.0,1.0
2039.0,1.0,1.0,1.0
2040.0,1.0,1.0,1.0
2041.0,1.0,1.0,1.0
2042.0,1.0,1.0,1.0
2043.0,1.0,1.0,1.0
2044.0,1.0,1.0,1.0
2045.0,1.0,1.0,1.0
2046.0,1.0,1.0,1.0
2047.0,1.0,1.0,1.0
2048.0,1.0,1.0,1.0
2049.0,1.0,1.0,1.0
2050.0,1.0,1.0,1.0
2051.0,1.0,1.0,1.0
2052.0,1.0,1.0,1.0
2053.0,1.0,1.0,1.0
2054.0,1.0,1.0,1.0
2055.0,1.0,1.0,1.0
2056.0,1.0,1.0,1.0
2057.0,1.0,1.0,1.0
2058.0,1.0,1.0,1.0
2059.0,1.0,1.0,1.0
2060.0,1.0,1.0,1.0
2061.0,1.0,1.0,1.0
2062.0,1.0,1.0,1.0
2063.0,1.0,1.0,1.0
2064.0,1.0,1.0,1.0
2065.0,1.0,1.0,1.0
2066.0,1.0,1.0,1.0
2067.0,1.0,1.0,1.0
2068.0,1.0,1.0,1.0
2069.0,1.0,1.0,1.0
2070.0,1.0,1.0,1.0
2071.0,1.0,1.0,1.0
2072.0,1.0,1.0,1.0
2073.0,1.0,1.0,1.0
2074.0,1.0,1.0,1.0
2075.0,1.0,1.0,1.0
2076.0,1.0,1.0,1.0
2077.0,1.0,1.0,1.0
2078.0,1.0,1.0,1.0
2079.0,1.0,1.0,1.0
2080.0,1.0,1.0,1.0
2081.0,1.0,1.0,1.0
2082.0,1.0,1.0,1.0
2083.0,1.0,1.0,1.0
2084.0,1.0,1.0,1.0
2085.0,1.0,1.0,1.0
2086.0,1.0,1.0,1.0
2087.0,1.0,1.0,1.0
2088.0,1.0,1.0,1.0
2089.0,1.0,1.0,1.0
2090.0,1.0,1.0,1.0
2091.0,1.0,1.0,1.0
2092.0,1.0,1.0,1.0
2093.0,1.0,1.0,1.0
2094.0,1.0,1.0,1.0
2095.0,1.0,1.0,1.0
2096.0,1.0,1.0,1.0
2097.0,1.0,1.0,1.0
2098.0,1.0,1.0,1.0
2099.0,1.0,1.0,1.0
2100.0,1.0,1.0,1.0
2101.0,1.0,1.0,1.0
2102.0,1.0,1.0,1.0
2103.0,1.0,1.0,1.0
2104.0,1.0,1.0,1.0
2105.0,1.0,1.0,1.0
2106.0,1.0,1.0,1.0
2107.0,1.0,1.0,1.0
2108.0,1.0,1.0,1.0
2109.0,1.0,1.0,1.0
2110.0,1.0,1.0,1.0
2111.0,1.0,1.0,1.0
2112.0,1.0,1.0,1.0
2113.0,1.0,1.0,1.0
2114.0,1.0,1.0,1.0
2115.0,1.0,1.0,1.0
2116.0,1.0,1.0,1.0
2117.0,1.0,1.0,1.0
2118.0,1.0,1.0,1.0
2119.0,1.0,1.0,1.0
2120.0,1.0,1.0,1.0
2121.0,1.0,1.0,1.0
2122.0,1.0,1.0,1.0
2123.0,1.0,1.0,1.0
2124.0,1.0,1.0,1.0
2125.0,1.0,1.0,1.0
2126.0,1.0,1.0,1.0
2127.0,1.0,1.0,1.0
2128.0,1.0,1.0,1.0
2129.0,1.0,1.0,1.0
2130.0,1.0,1.0,1.0
2131.0,1.0,1.0,1.0
2132.0,1.0,1.0,1.0
2133.0,1.0,1.0,1.0
2134.0,1.0,1.0,1.0
2135.0,1.0,1.0,1.0
2136.0,1.0,1.0,1.0
2137.0,1.0,1.0,1.0
2138.0,1.0,1.0,1.0
2139.0,1.0,1.0,1.0
2140.0,1.0,1.0,1.0
2141.0,1.0,1.0,1.0
2142.0,1.0,1.0,1.0
2143.0,1.0,1.0,1.0
2144.0,1.0,1.0,1.0
2145.0,1.0,1.0,1.0
2146.0,1.0,1.0,1.0
2147.0,1.0,1.0,1.0
2148.0,1.0,1.0,1.0
2149.0,1.0,1.0,1.0
2150.0,1.0,1.0,1.0
2151.0,1.0,1.0,1.0
2152.0,1.0,1.0,1.0
2153.0,1.0,1.0,1.0
2154.0,1.0,1.0,1.0
2155.0,1.0,1.0,1.0
2156.0,1.0,1.0,1.0
2157.0,1.0,1.0,1.0
2158.0,1.0,1.0,1.0
2159.0,1.0,1.0,1.0
2160.0,1.0,1.0,1.0
2161.0,1.0,1.0,1.0
2162.0,1.0,1.0,1.0
2163.0,1.0,1.0,1.0
2164.0,1.0,1.0,1.0
2165.0,1.0,1.0,1.0
2166.0,1.0,1.0,1.0
2167.0,1.0,1.0,1.0
2168.0,1.0,1.0,1.0
2169.0,1.0,1.0,1.0
2170.0,1.0,1.0,1.0
2171.0,1.0,1.0,1.0
2172.0,1.0,1.0,1.0
2173.0,1.0,1.0,1.0
2174.0,1.0,1.0,1.0
2175.0,1.0,1.0,1.0
2176.0,1.0,1.0,1.0
2177.0,1.0,1.0,1.0
2178.0,1.0,1.0,1.0
2179.0,1.0,1.0,1.0
2180.0,1.0,1.0,1.0
2181.0,1.0,1.0,1.0
2182.0,1.0,1.0,1.0
2183.0,1.0,1.0,1.0
2184.0,1.0,1.0,1.0
2185.0,1.0,1.0,1.0
2186.0,1.0,1.0,1.0
2187.0,1.0,1.0,1.0
2188.0,1.0,1.0,1.0
2189.0,1.0,1.0,1.0
2190.0,1.0,1.0,1.0
2191.0,1.0,1.0,1.0
2192.0,1.0,1.0,1.0
2193.0,1.0,1.0,1.0
2194.0,1.0,1.0,1.0
2195.0,1.0,1.0,1.0
2196.0,1.0,1.0,1.0
2197.0,1.0,1.0,1.0
2198.0,1.0,1.0,1.0
2199.0,1.0,1.0,1.0
2200.0,1.0,1.0,1.0
2201.0,1.0,1.0,1.0
2202.0,1.0,1.0,1.0
2203.0,1.0,1.0,1.0
2204.0,1.0,1.0,1.0
2205.0,1.0,1.0,1.0
2206.0,1.0,1.0,1.0
2207.0,1.0,1.0,1.0
2208.0,1.0,1.0,1.0
2209.0,1.0,1.0,1.0
2210.0,1.0,1.0,1.0
2211.0,1.0,1.0,1.0
2212.0,1.0,1.0,1.0
2213.0,1.0,1.0,1.0
2214.0,1.0,1.0,1.0
2215.0,1.0,1.0,1.0
2216.0,1.0,1.0,1.0
2217.0,1.0,1.0,1.0
2218.0,1.0,1.0,1.0
2219.0,1.0,1.0,1.0
2220.0,1.0,1.0,1.0
2221.0,1.0,1.0,1.0
2222.0,1.0,1.0,1.0
2223.0,1.0,1.0,1.0
2224.0,1.0,1.0,1.0
2225.0,1.0,1.0,1.0
2226.0,1.0,1.0,1.0
2227.0,1.0,1.0,1.0
2228.0,1.0,1.0,1.0
2229.0,1.0,1.0,1.0
2230.0,1.0,1.0,1.0
2231.0,1.0,1.0,1.0
2232.0,1.0,1.0,1.0
2233.0,1.0,1.0,1.0
2234.0,1.0,1.0,1.0
2235.0,1.0,1.0,1.0
2236.0,1.0,1.0,1.0
2237.0,1.0,1.0,1.0
2238.0,1.0,1.0,1.0
2239.0,1.0,1.0,1.0
2240.0,1.0,1.0,1.0
2241.0,1.0,1.0,1.0
2242.0,1.0,1.0,1.0
2243.0,1.0,1.0,1.0
2244.0,1.0,1.0,1.0
2245.0,1.0,1.0,1.0
2246.0,1.0,1.0,1.0
2247.0,1.0,1.0,1.0
2248.0,1.0,1.0,1.0
2249.0,1.0,1.0,1.0
2250.0,1.0,1.0,1.0
2251.0,1.0,1.0,1.0
2252.0,1.0,1.0,1.0
2253.0,1.0,1.0,1.0
2254.0,1.0,1.0,1.0
2255.0,1.0,1.0,1.0
2256.0,1.0,1.0,1.0
2257.0,1.0,1.0,1.0
2258.0,1.0,1.0,1.0
2259.0,1.0,1.0,1.0
2260.0,1.0,1.0,1.0
2261.0,1.0,1.0,1.0
2262.0,1.0,1.0,1.0
2263.0,1.0,1.0,1.0
2264.0,1.0,1.0,1.0
2265.0,1.0,1.0,1.0
2266.0,1.0,1.0,1.0
2267.0,1.0,1.0,1.0
2268.0,1.0,1.0,1.0
2269.0,1.0,1.0,1.0
2270.0,1.0,1.0,1.0
2271.0,1.0,1.0,1.0
2272.0,1.0,1.0,1.0
2273.0,1.0,1.0,1.0
2274.0,1.0,1.0,1.0
2275.0,1.0,1.0,1.0
2276.0,1.0,1.0,1.0
2277.0,1.0,1.0,1.0
2278.0,1.0,1.0,1.0
2279.0,1.0,1.0,1.0
2280.0,1.0,1.0,1.0
2281.0,1.0,1.0,1.0
2282.0,1.0,1.0,1.0
2283.0,1.0,1.0,1.0
2284.0,1.0,1.0,1.0
2285.0,1.0,1.0,1.0
2286.0,1.0,1.0,1.0
2287.0,1.0,1.0,1.0
2288.0,1.0,1.0,1.0
2289.0,1.0,1.0,1.0
2290.0,1.0,1.0,1.0
2291.0,1.0,1.0,1.0
2292.0,1.0,1.0,1.0
2293.0,1.0,1.0,1.0
2294.0,1.0,1.0,1.0
2295.0,1.0,1.0,1.0
2296.0,1.0,1.0,1.0
2297.0,1.0,1.0,1.0
2298.0,1.0,1.0,1.0
2299.0,1.0,1.0,1.0
2300.0,1.0,1.0,1.0
2301.0,1.0,1.0,1.0
2302.0,1.0,1.0,1.0
2303.0,1.0,1.0,1.0
2304.0,1.0,1.0,1.0
2305.0,1.0,1.0,1.0
2306.0,1.0,1.0,1.0
2307.0,1.0,1.0,1.0
2308.0,1.0,1.0,1.0
2309.0,1.0,1.0,1.0
2310.0,1.0,1.0,1.0
2311.0,1.0,1.0,1.0
2312.0,1.0,1.0,1.0
2313.0,1.0,1.0,1.0
2314.0,1.0,1.0,1.0
2315.0,1.0,1.0,1.0
2316.0,1.0,1.0,1.0
2317.0,1.0,1.0,1.0
2318.0,1.0,1.0,1.0
2319.0,1.0,1.0,1.0
2320.0,1.0,1.0,1.0
2321.0,1.0,1.0,1.0
2322.0,1.0,1.0,1.0
2323.0,1.0,1.0,1.0
2324.0,1.0,1.0,1.0
2325.0,1.0,1.0,1.0
2326.0,1.0,1.0,1.0
2327.0,1.0,1.0,1.0
2328.0,1.0,1.0,1.0
2329.0,1.0,1.0,1.0
2330.0,1.0,1.0,1.0
2331.0,1.0,1.0,1.0
2332.0,1.0,1.0,1.0
2333.0,1.0,1.0,1.0
2334.0,1.0,1.0,1.0
2335.0,1.0,1.0,1.0
2336.0,1.0,1.0,1.0
2337.0,1.0,1.0,1.0
2338.0,1.0,1.0,1.0
2339.0,1.0,1.0,1.0
2340.0,1.0,1.0,1.0
2341.0,1.0,1.0,1.0
2342.0,1.0,1.0,1.0
2343.0,1.0,1.0,1.0
2344.0,1.0,1.0,1.0
2345.0,1.0,1.0,1.0
2346.0,1.0,1.0,1.0
2347.0,1.0,1.0,1.0
2348.0,1.0,1.0,1.0
2349.0,1.0,1.0,1.0
2350.0,1.0,1.0,1.0
2351.0,1.0,1.0,1.0
2352.0,1.0,1.0,1.0
2353.0,1.0,1.0,1.0
2354.0,1.0,1.0,1.0
2355.0,1.0,1.0,1.0
2356.0,1.0,1.0,1.0
2357.0,1.0,1.0,1.0
2358.0,1.0,1.0,1.0
2359.0,1.0,1.0,1.0
2360.0,1.0,1.0,1.0
2361.0,1.0,1.0,1.0
2362.0,1.0,1.0,1.0
2363.0,1.0,1.0,1.0
2364.0,1.0,1.0,1.0
2365.0,1.0,1.0,1.0
2366.0,1.0,1.0,1.0
2367.0,1.0,1.0,1.0
2368.0,1.0,1.0,1.0
2369.0,1.0,1.0,1.0
2370.0,1.0,1.0,1.0
2371.0,1.0,1.0,1.0
2372.0,1.0,1.0,1.0
2373.0,1.0,1.0,1.0
2374.0,1.0,1.0,1.0
2375.0,1.0,1.0,1.0
2376.0,1.0,1.0,1.0
2377.0,1.0,1.0,1.0
2378.0,1.0,1.0,1.0
2379.0,1.0,1.0,1.0
2380.0,1.0,1.0,1.0
2381.0,1.0,1.0,1.0
2382.0,1.0,1.0,1.0
2383.0,1.0,1.0,1.0
2384.0,1.0,1.0,1.0
2385.0,1.0,1.0,1.0
2386.0,1.0,1.0,1.0
2387.0,1.0,1.0,1.0
2388.0,1.0,1.0,1.0
2389.0,1.0,1.0,1.0
2390.0,1.0,1.0,1.0
2391.0,1.0,1.0,1.0
2392.0,1.0,1.0,1.0
2393.0,1.0,1.0,1.0
2394.0,1.0,1.0,1.0
2395.0,1.0,1.0,1.0
2396.0,1.0,1.0,1.0
2397.0,1.0,1.0,1.0
2398.0,1.0,1.0,1.0
2399.0,1.0,1.0,1.0
2400.0,1.0,1.0,1.0
2401.0,1.0,1.0,1.0
2402.0,1.0,1.0,1.0
2403.0,1.0,1.0,1.0
2404.0,1.0,1.0,1.0
2405.0,1.0,1.0,1.0
2406.0,1.0,1.0,1.0
2407.0,1.0,1.0,1.0
2408.0,1.0,1.0,1.0
2409.0,1.0,1.0,1.0
2410.0,1.0,1.0,1.0
2411.0,1.0,1.0,1.0
2412.0,1.0,1.0,1.0
2413.0,1.0,1.0,1.0
2414.0,1.0,1.0,1.0
2415.0,1.0,1.0,1.0
2416.0,1.0,1.0,1.0
2417.0,1.0,1.0,1.0
2418.0,1.0,1.0,1.0
2419.0,1.0,1.0,1.0
2420.0,1.0,1.0,1.0
2421.0,1.0,1.0,1.0
2422.0,1.0,1.0,1.0
2423.0,1.0,1.0,1.0
2424.0,1.0,1.0,1.0
2425.0,1.0,1.0,1.0
2426.0,1.0,1.0,1.0
2427.0,1.0,1.0,1.0
2428.0,1.0,1.0,1.0
2429.0,1.0,1.0,1.0
2430.0,1.0,1.0,1.0
2431.0,1.0,1.0,1.0
2432.0,1.0,1.0,1.0
2433.0,1.0,1.0,1.0
2434.0,1.0,1.0,1.0
2435.0,1.0,1.0,1.0
2436.0,1.0,1.0,1.0
2437.0,1.0,1.0,1.0
2438.0,1.0,1.0,1.0
2439.0,1.0,1.0,1.0
2440.0,1.0,1.0,1.0
2441.0,1.0,1.0,1.0
2442.0,1.0,1.0,1.0
2443.0,1.0,1.0,1.0
2444.0,1.0,1.0,1.0
2445.0,1.0,1.0,1.0
2446.0,1.0,1.0,1.0
2447.0,1.0,1.0,1.0
2448.0,1.0,1.0,1.0
2449.0,1.0,1.0,1.0
2450.0,1.0,1.0,1.0
2451.0,1.0,1.0,1.0
2452.0,1.0,1.0,1.0
2453.0,1.0,1.0,1.0
2454.0,1.0,1.0,1.0
2455.0,1.0,1.0,1.0
2456.0,1.0,1.0,1.0
2457.0,1.0,1.0,1.0
2458.0,1.0,1.0,1.0
2459.0,1.0,1.0,1.0
2460.0,1.0,1.0,1.0
2461.0,1.0,1.0,1.0
2462.0,1.0,1.0,1.0
2463.0,1.0,1.0,1.0
2464.0,1.0,1.0,1.0
2465.0,1.0,1.0,1.0
2466.0,1.0,1.0,1.0
2467.0,1.0,1.0,1.0
2468.0,1.0,1.0,1.0
2469.0,1.0,1.0,1.0
2470.0,1.0,1.0,1.0
2471.0,1.0,1.0,1.0
2472.0,1.0,1.0,1.0
2473.0,1.0,1.0,1.0
2474.0,1.0,1.0,1.0
2475.0,1.0,1.0,1.0
2476.0,1.0,1.0,1.0
2477.0,1.0,1.0,1.0
2478.0,1.0,1.0,1.0
2479.0,1.0,1.0,1.0
2480.0,1.0,1.0,1.0
2481.0,1.0,1.0,1.0
2482.0,1.0,1.0,1.0
2483.0,1.0,1.0,1.0
2484.0,1.0,1.0,1.0
2485.0,1.0,1.0,1.0
2486.0,1.0,1.0,1.0
2487.0,1.0,1.0,1.0
2488.0,1.0,1.0,1.0
2489.0,1.0,1.0,1.0
2490.0,1.0,1.0,1.0
2491.0,1.0,1.0,1.0
2492.0,1.0,1.0,1.0
2493.0,1.0,1.0,1.0
2494.0,1.0,1.0,1.0
2495.0,1.0,1.0,1.0
2496.0,1.0,1.0,1.0
2497.0,1.0,1.0,1.0
2498.0,1.0,1.0,1.0
2499.0,1.0,1.0,1.0
2500.0,1.0,1.0,1.0
